api,class,superClass,category,abstract,deprecated
1,android.app.AlertDialog,android.app.Dialog,DIALOG,false,false
1,android.app.DatePickerDialog,android.app.AlertDialog,DIALOG,false,false
1,android.app.Dialog,,DIALOG,false,false
1,android.app.ProgressDialog,android.app.AlertDialog,DIALOG,false,false
1,android.app.TimePickerDialog,android.app.AlertDialog,DIALOG,false,false
1,android.preference.CheckBoxPreference,android.preference.Preference,PREFERENCE,false,false
1,android.preference.DialogPreference,android.preference.Preference,PREFERENCE,true,false
1,android.preference.EditTextPreference,android.preference.DialogPreference,PREFERENCE,false,false
1,android.preference.ListPreference,android.preference.DialogPreference,PREFERENCE,false,false
1,android.preference.Preference,,PREFERENCE,false,false
1,android.preference.PreferenceCategory,android.preference.PreferenceGroup,PREFERENCE,false,false
1,android.preference.PreferenceGroup,android.preference.Preference,PREFERENCE,true,false
1,android.preference.PreferenceScreen,android.preference.PreferenceGroup,PREFERENCE,false,false
1,android.preference.RingtonePreference,android.preference.Preference,PREFERENCE,false,false
1,android.view.SurfaceView,android.view.View,VIEW,false,false
1,android.view.View,,VIEW,false,false
1,android.view.ViewGroup,android.view.View,VIEW,true,false
1,android.view.ViewStub,android.view.View,VIEW,false,false
1,android.webkit.WebView,android.widget.AbsoluteLayout,VIEW,false,false
1,android.widget.AbsListView,android.widget.AdapterView,VIEW,true,false
1,android.widget.AbsSeekBar,android.widget.ProgressBar,VIEW,true,false
1,android.widget.AbsSpinner,android.widget.AdapterView,VIEW,true,false
1,android.widget.AbsoluteLayout,android.view.ViewGroup,VIEW,false,false
1,android.widget.AdapterView,android.view.ViewGroup,VIEW,true,false
1,android.widget.AnalogClock,android.view.View,VIEW,false,false
1,android.widget.AutoCompleteTextView,android.widget.EditText,VIEW,false,false
1,android.widget.Button,android.widget.TextView,VIEW,false,false
1,android.widget.CheckBox,android.widget.CompoundButton,VIEW,false,false
1,android.widget.CheckedTextView,android.widget.TextView,VIEW,true,false
1,android.widget.Chronometer,android.widget.TextView,VIEW,false,false
1,android.widget.CompoundButton,android.widget.Button,VIEW,true,false
1,android.widget.DatePicker,android.widget.FrameLayout,VIEW,false,false
1,android.widget.DialerFilter,android.widget.RelativeLayout,VIEW,false,false
1,android.widget.DigitalClock,android.widget.TextView,VIEW,false,false
1,android.widget.EditText,android.widget.TextView,VIEW,false,false
1,android.widget.ExpandableListView,android.widget.ListView,VIEW,false,false
1,android.widget.FrameLayout,android.view.ViewGroup,VIEW,false,false
1,android.widget.Gallery,android.widget.AbsSpinner,VIEW,false,false
1,android.widget.GridView,android.widget.AbsListView,VIEW,false,false
1,android.widget.ImageButton,android.widget.ImageView,VIEW,false,false
1,android.widget.ImageSwitcher,android.widget.ViewSwitcher,VIEW,false,false
1,android.widget.ImageView,android.view.View,VIEW,false,false
1,android.widget.LinearLayout,android.view.ViewGroup,VIEW,false,false
1,android.widget.ListView,android.widget.AbsListView,VIEW,false,false
1,android.widget.MediaController,android.widget.FrameLayout,VIEW,false,false
1,android.widget.MultiAutoCompleteTextView,android.widget.AutoCompleteTextView,VIEW,false,false
1,android.widget.PopupWindow,,POPUP,false,false
1,android.widget.ProgressBar,android.view.View,VIEW,false,false
1,android.widget.RadioButton,android.widget.CompoundButton,VIEW,false,false
1,android.widget.RadioGroup,android.widget.LinearLayout,VIEW,false,false
1,android.widget.RatingBar,android.widget.AbsSeekBar,VIEW,false,false
1,android.widget.RelativeLayout,android.view.ViewGroup,VIEW,false,false
1,android.widget.ScrollView,android.widget.FrameLayout,VIEW,false,false
1,android.widget.SeekBar,android.widget.AbsSeekBar,VIEW,false,false
1,android.widget.Spinner,android.widget.AbsSpinner,VIEW,false,false
1,android.widget.TabHost,android.widget.FrameLayout,VIEW,false,false
1,android.widget.TabWidget,android.widget.LinearLayout,VIEW,false,false
1,android.widget.TableLayout,android.widget.LinearLayout,VIEW,false,false
1,android.widget.TableRow,android.widget.LinearLayout,VIEW,false,false
1,android.widget.TextSwitcher,android.widget.ViewSwitcher,VIEW,false,false
1,android.widget.TextView,android.view.View,VIEW,false,false
1,android.widget.TimePicker,android.widget.FrameLayout,VIEW,false,false
1,android.widget.Toast,,POPUP,false,false
1,android.widget.ToggleButton,android.widget.CompoundButton,VIEW,false,false
1,android.widget.TwoLineListItem,android.widget.RelativeLayout,VIEW,false,false
1,android.widget.VideoView,android.view.SurfaceView,VIEW,false,false
1,android.widget.ViewAnimator,android.widget.FrameLayout,VIEW,false,false
1,android.widget.ViewFlipper,android.widget.ViewAnimator,VIEW,false,false
1,android.widget.ViewSwitcher,android.widget.ViewAnimator,VIEW,false,false
1,android.widget.ZoomButton,android.widget.ImageButton,VIEW,false,false
1,android.widget.ZoomControls,android.widget.LinearLayout,VIEW,false,false
2,android.app.AlertDialog,android.app.Dialog,DIALOG,false,false
2,android.app.DatePickerDialog,android.app.AlertDialog,DIALOG,false,false
2,android.app.Dialog,,DIALOG,false,false
2,android.app.ProgressDialog,android.app.AlertDialog,DIALOG,false,false
2,android.app.TimePickerDialog,android.app.AlertDialog,DIALOG,false,false
2,android.preference.CheckBoxPreference,android.preference.Preference,PREFERENCE,false,false
2,android.preference.DialogPreference,android.preference.Preference,PREFERENCE,true,false
2,android.preference.EditTextPreference,android.preference.DialogPreference,PREFERENCE,false,false
2,android.preference.ListPreference,android.preference.DialogPreference,PREFERENCE,false,false
2,android.preference.Preference,,PREFERENCE,false,false
2,android.preference.PreferenceCategory,android.preference.PreferenceGroup,PREFERENCE,false,false
2,android.preference.PreferenceGroup,android.preference.Preference,PREFERENCE,true,false
2,android.preference.PreferenceScreen,android.preference.PreferenceGroup,PREFERENCE,false,false
2,android.preference.RingtonePreference,android.preference.Preference,PREFERENCE,false,false
2,android.view.SurfaceView,android.view.View,VIEW,false,false
2,android.view.View,,VIEW,false,false
2,android.view.ViewGroup,android.view.View,VIEW,true,false
2,android.view.ViewStub,android.view.View,VIEW,false,false
2,android.webkit.WebView,android.widget.AbsoluteLayout,VIEW,false,false
2,android.widget.AbsListView,android.widget.AdapterView,VIEW,true,false
2,android.widget.AbsSeekBar,android.widget.ProgressBar,VIEW,true,false
2,android.widget.AbsSpinner,android.widget.AdapterView,VIEW,true,false
2,android.widget.AbsoluteLayout,android.view.ViewGroup,VIEW,false,false
2,android.widget.AdapterView,android.view.ViewGroup,VIEW,true,false
2,android.widget.AnalogClock,android.view.View,VIEW,false,false
2,android.widget.AutoCompleteTextView,android.widget.EditText,VIEW,false,false
2,android.widget.Button,android.widget.TextView,VIEW,false,false
2,android.widget.CheckBox,android.widget.CompoundButton,VIEW,false,false
2,android.widget.CheckedTextView,android.widget.TextView,VIEW,true,false
2,android.widget.Chronometer,android.widget.TextView,VIEW,false,false
2,android.widget.CompoundButton,android.widget.Button,VIEW,true,false
2,android.widget.DatePicker,android.widget.FrameLayout,VIEW,false,false
2,android.widget.DialerFilter,android.widget.RelativeLayout,VIEW,false,false
2,android.widget.DigitalClock,android.widget.TextView,VIEW,false,false
2,android.widget.EditText,android.widget.TextView,VIEW,false,false
2,android.widget.ExpandableListView,android.widget.ListView,VIEW,false,false
2,android.widget.FrameLayout,android.view.ViewGroup,VIEW,false,false
2,android.widget.Gallery,android.widget.AbsSpinner,VIEW,false,false
2,android.widget.GridView,android.widget.AbsListView,VIEW,false,false
2,android.widget.ImageButton,android.widget.ImageView,VIEW,false,false
2,android.widget.ImageSwitcher,android.widget.ViewSwitcher,VIEW,false,false
2,android.widget.ImageView,android.view.View,VIEW,false,false
2,android.widget.LinearLayout,android.view.ViewGroup,VIEW,false,false
2,android.widget.ListView,android.widget.AbsListView,VIEW,false,false
2,android.widget.MediaController,android.widget.FrameLayout,VIEW,false,false
2,android.widget.MultiAutoCompleteTextView,android.widget.AutoCompleteTextView,VIEW,false,false
2,android.widget.PopupWindow,,POPUP,false,false
2,android.widget.ProgressBar,android.view.View,VIEW,false,false
2,android.widget.RadioButton,android.widget.CompoundButton,VIEW,false,false
2,android.widget.RadioGroup,android.widget.LinearLayout,VIEW,false,false
2,android.widget.RatingBar,android.widget.AbsSeekBar,VIEW,false,false
2,android.widget.RelativeLayout,android.view.ViewGroup,VIEW,false,false
2,android.widget.ScrollView,android.widget.FrameLayout,VIEW,false,false
2,android.widget.SeekBar,android.widget.AbsSeekBar,VIEW,false,false
2,android.widget.Spinner,android.widget.AbsSpinner,VIEW,false,false
2,android.widget.TabHost,android.widget.FrameLayout,VIEW,false,false
2,android.widget.TabWidget,android.widget.LinearLayout,VIEW,false,false
2,android.widget.TableLayout,android.widget.LinearLayout,VIEW,false,false
2,android.widget.TableRow,android.widget.LinearLayout,VIEW,false,false
2,android.widget.TextSwitcher,android.widget.ViewSwitcher,VIEW,false,false
2,android.widget.TextView,android.view.View,VIEW,false,false
2,android.widget.TimePicker,android.widget.FrameLayout,VIEW,false,false
2,android.widget.Toast,,POPUP,false,false
2,android.widget.ToggleButton,android.widget.CompoundButton,VIEW,false,false
2,android.widget.TwoLineListItem,android.widget.RelativeLayout,VIEW,false,false
2,android.widget.VideoView,android.view.SurfaceView,VIEW,false,false
2,android.widget.ViewAnimator,android.widget.FrameLayout,VIEW,false,false
2,android.widget.ViewFlipper,android.widget.ViewAnimator,VIEW,false,false
2,android.widget.ViewSwitcher,android.widget.ViewAnimator,VIEW,false,false
2,android.widget.ZoomButton,android.widget.ImageButton,VIEW,false,false
2,android.widget.ZoomControls,android.widget.LinearLayout,VIEW,false,false
3,android.app.AlertDialog,android.app.Dialog,DIALOG,false,false
3,android.app.DatePickerDialog,android.app.AlertDialog,DIALOG,false,false
3,android.app.Dialog,,DIALOG,false,false
3,android.app.ProgressDialog,android.app.AlertDialog,DIALOG,false,false
3,android.app.TimePickerDialog,android.app.AlertDialog,DIALOG,false,false
3,android.preference.CheckBoxPreference,android.preference.Preference,PREFERENCE,false,false
3,android.preference.DialogPreference,android.preference.Preference,PREFERENCE,true,false
3,android.preference.EditTextPreference,android.preference.DialogPreference,PREFERENCE,false,false
3,android.preference.ListPreference,android.preference.DialogPreference,PREFERENCE,false,false
3,android.preference.Preference,,PREFERENCE,false,false
3,android.preference.PreferenceCategory,android.preference.PreferenceGroup,PREFERENCE,false,false
3,android.preference.PreferenceGroup,android.preference.Preference,PREFERENCE,true,false
3,android.preference.PreferenceScreen,android.preference.PreferenceGroup,PREFERENCE,false,false
3,android.preference.RingtonePreference,android.preference.Preference,PREFERENCE,false,false
3,android.view.SurfaceView,android.view.View,VIEW,false,false
3,android.view.View,,VIEW,false,false
3,android.view.ViewGroup,android.view.View,VIEW,true,false
3,android.view.ViewStub,android.view.View,VIEW,false,false
3,android.webkit.WebView,android.widget.AbsoluteLayout,VIEW,false,false
3,android.widget.AbsListView,android.widget.AdapterView,VIEW,true,false
3,android.widget.AbsSeekBar,android.widget.ProgressBar,VIEW,true,false
3,android.widget.AbsSpinner,android.widget.AdapterView,VIEW,true,false
3,android.widget.AbsoluteLayout,android.view.ViewGroup,VIEW,false,true
3,android.widget.AdapterView,android.view.ViewGroup,VIEW,true,false
3,android.widget.AnalogClock,android.view.View,VIEW,false,false
3,android.widget.AutoCompleteTextView,android.widget.EditText,VIEW,false,false
3,android.widget.Button,android.widget.TextView,VIEW,false,false
3,android.widget.CheckBox,android.widget.CompoundButton,VIEW,false,false
3,android.widget.CheckedTextView,android.widget.TextView,VIEW,true,false
3,android.widget.Chronometer,android.widget.TextView,VIEW,false,false
3,android.widget.CompoundButton,android.widget.Button,VIEW,true,false
3,android.widget.DatePicker,android.widget.FrameLayout,VIEW,false,false
3,android.widget.DialerFilter,android.widget.RelativeLayout,VIEW,false,false
3,android.widget.DigitalClock,android.widget.TextView,VIEW,false,false
3,android.widget.EditText,android.widget.TextView,VIEW,false,false
3,android.widget.ExpandableListView,android.widget.ListView,VIEW,false,false
3,android.widget.FrameLayout,android.view.ViewGroup,VIEW,false,false
3,android.widget.Gallery,android.widget.AbsSpinner,VIEW,false,false
3,android.widget.GridView,android.widget.AbsListView,VIEW,false,false
3,android.widget.HorizontalScrollView,android.widget.FrameLayout,VIEW,false,false
3,android.widget.ImageButton,android.widget.ImageView,VIEW,false,false
3,android.widget.ImageSwitcher,android.widget.ViewSwitcher,VIEW,false,false
3,android.widget.ImageView,android.view.View,VIEW,false,false
3,android.widget.LinearLayout,android.view.ViewGroup,VIEW,false,false
3,android.widget.ListView,android.widget.AbsListView,VIEW,false,false
3,android.widget.MediaController,android.widget.FrameLayout,VIEW,false,false
3,android.widget.MultiAutoCompleteTextView,android.widget.AutoCompleteTextView,VIEW,false,false
3,android.widget.PopupWindow,,POPUP,false,false
3,android.widget.ProgressBar,android.view.View,VIEW,false,false
3,android.widget.RadioButton,android.widget.CompoundButton,VIEW,false,false
3,android.widget.RadioGroup,android.widget.LinearLayout,VIEW,false,false
3,android.widget.RatingBar,android.widget.AbsSeekBar,VIEW,false,false
3,android.widget.RelativeLayout,android.view.ViewGroup,VIEW,false,false
3,android.widget.ScrollView,android.widget.FrameLayout,VIEW,false,false
3,android.widget.SeekBar,android.widget.AbsSeekBar,VIEW,false,false
3,android.widget.SlidingDrawer,android.view.ViewGroup,VIEW,false,false
3,android.widget.Spinner,android.widget.AbsSpinner,VIEW,false,false
3,android.widget.TabHost,android.widget.FrameLayout,VIEW,false,false
3,android.widget.TabWidget,android.widget.LinearLayout,VIEW,false,false
3,android.widget.TableLayout,android.widget.LinearLayout,VIEW,false,false
3,android.widget.TableRow,android.widget.LinearLayout,VIEW,false,false
3,android.widget.TextSwitcher,android.widget.ViewSwitcher,VIEW,false,false
3,android.widget.TextView,android.view.View,VIEW,false,false
3,android.widget.TimePicker,android.widget.FrameLayout,VIEW,false,false
3,android.widget.Toast,,POPUP,false,false
3,android.widget.ToggleButton,android.widget.CompoundButton,VIEW,false,false
3,android.widget.TwoLineListItem,android.widget.RelativeLayout,VIEW,false,false
3,android.widget.VideoView,android.view.SurfaceView,VIEW,false,false
3,android.widget.ViewAnimator,android.widget.FrameLayout,VIEW,false,false
3,android.widget.ViewFlipper,android.widget.ViewAnimator,VIEW,false,false
3,android.widget.ViewSwitcher,android.widget.ViewAnimator,VIEW,false,false
3,android.widget.ZoomButton,android.widget.ImageButton,VIEW,false,false
3,android.widget.ZoomControls,android.widget.LinearLayout,VIEW,false,false
4,android.app.AlertDialog,android.app.Dialog,DIALOG,false,false
4,android.app.DatePickerDialog,android.app.AlertDialog,DIALOG,false,false
4,android.app.Dialog,,DIALOG,false,false
4,android.app.ProgressDialog,android.app.AlertDialog,DIALOG,false,false
4,android.app.TimePickerDialog,android.app.AlertDialog,DIALOG,false,false
4,android.gesture.GestureOverlayView,android.widget.FrameLayout,VIEW,false,false
4,android.preference.CheckBoxPreference,android.preference.Preference,PREFERENCE,false,false
4,android.preference.DialogPreference,android.preference.Preference,PREFERENCE,true,false
4,android.preference.EditTextPreference,android.preference.DialogPreference,PREFERENCE,false,false
4,android.preference.ListPreference,android.preference.DialogPreference,PREFERENCE,false,false
4,android.preference.Preference,,PREFERENCE,false,false
4,android.preference.PreferenceCategory,android.preference.PreferenceGroup,PREFERENCE,false,false
4,android.preference.PreferenceGroup,android.preference.Preference,PREFERENCE,true,false
4,android.preference.PreferenceScreen,android.preference.PreferenceGroup,PREFERENCE,false,false
4,android.preference.RingtonePreference,android.preference.Preference,PREFERENCE,false,false
4,android.view.SurfaceView,android.view.View,VIEW,false,false
4,android.view.View,,VIEW,false,false
4,android.view.ViewGroup,android.view.View,VIEW,true,false
4,android.view.ViewStub,android.view.View,VIEW,false,false
4,android.webkit.WebView,android.widget.AbsoluteLayout,VIEW,false,false
4,android.widget.AbsListView,android.widget.AdapterView,VIEW,true,false
4,android.widget.AbsSeekBar,android.widget.ProgressBar,VIEW,true,false
4,android.widget.AbsSpinner,android.widget.AdapterView,VIEW,true,false
4,android.widget.AbsoluteLayout,android.view.ViewGroup,VIEW,false,true
4,android.widget.AdapterView,android.view.ViewGroup,VIEW,true,false
4,android.widget.AnalogClock,android.view.View,VIEW,false,false
4,android.widget.AutoCompleteTextView,android.widget.EditText,VIEW,false,false
4,android.widget.Button,android.widget.TextView,VIEW,false,false
4,android.widget.CheckBox,android.widget.CompoundButton,VIEW,false,false
4,android.widget.CheckedTextView,android.widget.TextView,VIEW,false,false
4,android.widget.Chronometer,android.widget.TextView,VIEW,false,false
4,android.widget.CompoundButton,android.widget.Button,VIEW,true,false
4,android.widget.DatePicker,android.widget.FrameLayout,VIEW,false,false
4,android.widget.DialerFilter,android.widget.RelativeLayout,VIEW,false,false
4,android.widget.DigitalClock,android.widget.TextView,VIEW,false,false
4,android.widget.EditText,android.widget.TextView,VIEW,false,false
4,android.widget.ExpandableListView,android.widget.ListView,VIEW,false,false
4,android.widget.FrameLayout,android.view.ViewGroup,VIEW,false,false
4,android.widget.Gallery,android.widget.AbsSpinner,VIEW,false,false
4,android.widget.GridView,android.widget.AbsListView,VIEW,false,false
4,android.widget.HorizontalScrollView,android.widget.FrameLayout,VIEW,false,false
4,android.widget.ImageButton,android.widget.ImageView,VIEW,false,false
4,android.widget.ImageSwitcher,android.widget.ViewSwitcher,VIEW,false,false
4,android.widget.ImageView,android.view.View,VIEW,false,false
4,android.widget.LinearLayout,android.view.ViewGroup,VIEW,false,false
4,android.widget.ListView,android.widget.AbsListView,VIEW,false,false
4,android.widget.MediaController,android.widget.FrameLayout,VIEW,false,false
4,android.widget.MultiAutoCompleteTextView,android.widget.AutoCompleteTextView,VIEW,false,false
4,android.widget.PopupWindow,,POPUP,false,false
4,android.widget.ProgressBar,android.view.View,VIEW,false,false
4,android.widget.RadioButton,android.widget.CompoundButton,VIEW,false,false
4,android.widget.RadioGroup,android.widget.LinearLayout,VIEW,false,false
4,android.widget.RatingBar,android.widget.AbsSeekBar,VIEW,false,false
4,android.widget.RelativeLayout,android.view.ViewGroup,VIEW,false,false
4,android.widget.ScrollView,android.widget.FrameLayout,VIEW,false,false
4,android.widget.SeekBar,android.widget.AbsSeekBar,VIEW,false,false
4,android.widget.SlidingDrawer,android.view.ViewGroup,VIEW,false,false
4,android.widget.Spinner,android.widget.AbsSpinner,VIEW,false,false
4,android.widget.TabHost,android.widget.FrameLayout,VIEW,false,false
4,android.widget.TabWidget,android.widget.LinearLayout,VIEW,false,false
4,android.widget.TableLayout,android.widget.LinearLayout,VIEW,false,false
4,android.widget.TableRow,android.widget.LinearLayout,VIEW,false,false
4,android.widget.TextSwitcher,android.widget.ViewSwitcher,VIEW,false,false
4,android.widget.TextView,android.view.View,VIEW,false,false
4,android.widget.TimePicker,android.widget.FrameLayout,VIEW,false,false
4,android.widget.Toast,,POPUP,false,false
4,android.widget.ToggleButton,android.widget.CompoundButton,VIEW,false,false
4,android.widget.TwoLineListItem,android.widget.RelativeLayout,VIEW,false,false
4,android.widget.VideoView,android.view.SurfaceView,VIEW,false,false
4,android.widget.ViewAnimator,android.widget.FrameLayout,VIEW,false,false
4,android.widget.ViewFlipper,android.widget.ViewAnimator,VIEW,false,false
4,android.widget.ViewSwitcher,android.widget.ViewAnimator,VIEW,false,false
4,android.widget.ZoomButton,android.widget.ImageButton,VIEW,false,false
4,android.widget.ZoomButtonsController,,CONTROLLER,false,false
4,android.widget.ZoomControls,android.widget.LinearLayout,VIEW,false,false
5,android.app.AlertDialog,android.app.Dialog,DIALOG,false,false
5,android.app.DatePickerDialog,android.app.AlertDialog,DIALOG,false,false
5,android.app.Dialog,,DIALOG,false,false
5,android.app.ProgressDialog,android.app.AlertDialog,DIALOG,false,false
5,android.app.TimePickerDialog,android.app.AlertDialog,DIALOG,false,false
5,android.gesture.GestureOverlayView,android.widget.FrameLayout,VIEW,false,false
5,android.preference.CheckBoxPreference,android.preference.Preference,PREFERENCE,false,false
5,android.preference.DialogPreference,android.preference.Preference,PREFERENCE,true,false
5,android.preference.EditTextPreference,android.preference.DialogPreference,PREFERENCE,false,false
5,android.preference.ListPreference,android.preference.DialogPreference,PREFERENCE,false,false
5,android.preference.Preference,,PREFERENCE,false,false
5,android.preference.PreferenceCategory,android.preference.PreferenceGroup,PREFERENCE,false,false
5,android.preference.PreferenceGroup,android.preference.Preference,PREFERENCE,true,false
5,android.preference.PreferenceScreen,android.preference.PreferenceGroup,PREFERENCE,false,false
5,android.preference.RingtonePreference,android.preference.Preference,PREFERENCE,false,false
5,android.view.SurfaceView,android.view.View,VIEW,false,false
5,android.view.View,,VIEW,false,false
5,android.view.ViewGroup,android.view.View,VIEW,true,false
5,android.view.ViewStub,android.view.View,VIEW,false,false
5,android.webkit.WebView,android.widget.AbsoluteLayout,VIEW,false,false
5,android.widget.AbsListView,android.widget.AdapterView,VIEW,true,false
5,android.widget.AbsSeekBar,android.widget.ProgressBar,VIEW,true,false
5,android.widget.AbsSpinner,android.widget.AdapterView,VIEW,true,false
5,android.widget.AbsoluteLayout,android.view.ViewGroup,VIEW,false,true
5,android.widget.AdapterView,android.view.ViewGroup,VIEW,true,false
5,android.widget.AnalogClock,android.view.View,VIEW,false,false
5,android.widget.AutoCompleteTextView,android.widget.EditText,VIEW,false,false
5,android.widget.Button,android.widget.TextView,VIEW,false,false
5,android.widget.CheckBox,android.widget.CompoundButton,VIEW,false,false
5,android.widget.CheckedTextView,android.widget.TextView,VIEW,false,false
5,android.widget.Chronometer,android.widget.TextView,VIEW,false,false
5,android.widget.CompoundButton,android.widget.Button,VIEW,true,false
5,android.widget.DatePicker,android.widget.FrameLayout,VIEW,false,false
5,android.widget.DialerFilter,android.widget.RelativeLayout,VIEW,false,false
5,android.widget.DigitalClock,android.widget.TextView,VIEW,false,false
5,android.widget.EditText,android.widget.TextView,VIEW,false,false
5,android.widget.ExpandableListView,android.widget.ListView,VIEW,false,false
5,android.widget.FrameLayout,android.view.ViewGroup,VIEW,false,false
5,android.widget.Gallery,android.widget.AbsSpinner,VIEW,false,false
5,android.widget.GridView,android.widget.AbsListView,VIEW,false,false
5,android.widget.HorizontalScrollView,android.widget.FrameLayout,VIEW,false,false
5,android.widget.ImageButton,android.widget.ImageView,VIEW,false,false
5,android.widget.ImageSwitcher,android.widget.ViewSwitcher,VIEW,false,false
5,android.widget.ImageView,android.view.View,VIEW,false,false
5,android.widget.LinearLayout,android.view.ViewGroup,VIEW,false,false
5,android.widget.ListView,android.widget.AbsListView,VIEW,false,false
5,android.widget.MediaController,android.widget.FrameLayout,VIEW,false,false
5,android.widget.MultiAutoCompleteTextView,android.widget.AutoCompleteTextView,VIEW,false,false
5,android.widget.PopupWindow,,POPUP,false,false
5,android.widget.ProgressBar,android.view.View,VIEW,false,false
5,android.widget.QuickContactBadge,android.widget.ImageView,VIEW,false,false
5,android.widget.RadioButton,android.widget.CompoundButton,VIEW,false,false
5,android.widget.RadioGroup,android.widget.LinearLayout,VIEW,false,false
5,android.widget.RatingBar,android.widget.AbsSeekBar,VIEW,false,false
5,android.widget.RelativeLayout,android.view.ViewGroup,VIEW,false,false
5,android.widget.ScrollView,android.widget.FrameLayout,VIEW,false,false
5,android.widget.SeekBar,android.widget.AbsSeekBar,VIEW,false,false
5,android.widget.SlidingDrawer,android.view.ViewGroup,VIEW,false,false
5,android.widget.Spinner,android.widget.AbsSpinner,VIEW,false,false
5,android.widget.TabHost,android.widget.FrameLayout,VIEW,false,false
5,android.widget.TabWidget,android.widget.LinearLayout,VIEW,false,false
5,android.widget.TableLayout,android.widget.LinearLayout,VIEW,false,false
5,android.widget.TableRow,android.widget.LinearLayout,VIEW,false,false
5,android.widget.TextSwitcher,android.widget.ViewSwitcher,VIEW,false,false
5,android.widget.TextView,android.view.View,VIEW,false,false
5,android.widget.TimePicker,android.widget.FrameLayout,VIEW,false,false
5,android.widget.Toast,,POPUP,false,false
5,android.widget.ToggleButton,android.widget.CompoundButton,VIEW,false,false
5,android.widget.TwoLineListItem,android.widget.RelativeLayout,VIEW,false,false
5,android.widget.VideoView,android.view.SurfaceView,VIEW,false,false
5,android.widget.ViewAnimator,android.widget.FrameLayout,VIEW,false,false
5,android.widget.ViewFlipper,android.widget.ViewAnimator,VIEW,false,false
5,android.widget.ViewSwitcher,android.widget.ViewAnimator,VIEW,false,false
5,android.widget.ZoomButton,android.widget.ImageButton,VIEW,false,false
5,android.widget.ZoomButtonsController,,CONTROLLER,false,false
5,android.widget.ZoomControls,android.widget.LinearLayout,VIEW,false,false
6,android.app.AlertDialog,android.app.Dialog,DIALOG,false,false
6,android.app.DatePickerDialog,android.app.AlertDialog,DIALOG,false,false
6,android.app.Dialog,,DIALOG,false,false
6,android.app.ProgressDialog,android.app.AlertDialog,DIALOG,false,false
6,android.app.TimePickerDialog,android.app.AlertDialog,DIALOG,false,false
6,android.gesture.GestureOverlayView,android.widget.FrameLayout,VIEW,false,false
6,android.preference.CheckBoxPreference,android.preference.Preference,PREFERENCE,false,false
6,android.preference.DialogPreference,android.preference.Preference,PREFERENCE,true,false
6,android.preference.EditTextPreference,android.preference.DialogPreference,PREFERENCE,false,false
6,android.preference.ListPreference,android.preference.DialogPreference,PREFERENCE,false,false
6,android.preference.Preference,,PREFERENCE,false,false
6,android.preference.PreferenceCategory,android.preference.PreferenceGroup,PREFERENCE,false,false
6,android.preference.PreferenceGroup,android.preference.Preference,PREFERENCE,true,false
6,android.preference.PreferenceScreen,android.preference.PreferenceGroup,PREFERENCE,false,false
6,android.preference.RingtonePreference,android.preference.Preference,PREFERENCE,false,false
6,android.view.SurfaceView,android.view.View,VIEW,false,false
6,android.view.View,,VIEW,false,false
6,android.view.ViewGroup,android.view.View,VIEW,true,false
6,android.view.ViewStub,android.view.View,VIEW,false,false
6,android.webkit.WebView,android.widget.AbsoluteLayout,VIEW,false,false
6,android.widget.AbsListView,android.widget.AdapterView,VIEW,true,false
6,android.widget.AbsSeekBar,android.widget.ProgressBar,VIEW,true,false
6,android.widget.AbsSpinner,android.widget.AdapterView,VIEW,true,false
6,android.widget.AbsoluteLayout,android.view.ViewGroup,VIEW,false,true
6,android.widget.AdapterView,android.view.ViewGroup,VIEW,true,false
6,android.widget.AnalogClock,android.view.View,VIEW,false,false
6,android.widget.AutoCompleteTextView,android.widget.EditText,VIEW,false,false
6,android.widget.Button,android.widget.TextView,VIEW,false,false
6,android.widget.CheckBox,android.widget.CompoundButton,VIEW,false,false
6,android.widget.CheckedTextView,android.widget.TextView,VIEW,false,false
6,android.widget.Chronometer,android.widget.TextView,VIEW,false,false
6,android.widget.CompoundButton,android.widget.Button,VIEW,true,false
6,android.widget.DatePicker,android.widget.FrameLayout,VIEW,false,false
6,android.widget.DialerFilter,android.widget.RelativeLayout,VIEW,false,false
6,android.widget.DigitalClock,android.widget.TextView,VIEW,false,false
6,android.widget.EditText,android.widget.TextView,VIEW,false,false
6,android.widget.ExpandableListView,android.widget.ListView,VIEW,false,false
6,android.widget.FrameLayout,android.view.ViewGroup,VIEW,false,false
6,android.widget.Gallery,android.widget.AbsSpinner,VIEW,false,false
6,android.widget.GridView,android.widget.AbsListView,VIEW,false,false
6,android.widget.HorizontalScrollView,android.widget.FrameLayout,VIEW,false,false
6,android.widget.ImageButton,android.widget.ImageView,VIEW,false,false
6,android.widget.ImageSwitcher,android.widget.ViewSwitcher,VIEW,false,false
6,android.widget.ImageView,android.view.View,VIEW,false,false
6,android.widget.LinearLayout,android.view.ViewGroup,VIEW,false,false
6,android.widget.ListView,android.widget.AbsListView,VIEW,false,false
6,android.widget.MediaController,android.widget.FrameLayout,VIEW,false,false
6,android.widget.MultiAutoCompleteTextView,android.widget.AutoCompleteTextView,VIEW,false,false
6,android.widget.PopupWindow,,POPUP,false,false
6,android.widget.ProgressBar,android.view.View,VIEW,false,false
6,android.widget.QuickContactBadge,android.widget.ImageView,VIEW,false,false
6,android.widget.RadioButton,android.widget.CompoundButton,VIEW,false,false
6,android.widget.RadioGroup,android.widget.LinearLayout,VIEW,false,false
6,android.widget.RatingBar,android.widget.AbsSeekBar,VIEW,false,false
6,android.widget.RelativeLayout,android.view.ViewGroup,VIEW,false,false
6,android.widget.ScrollView,android.widget.FrameLayout,VIEW,false,false
6,android.widget.SeekBar,android.widget.AbsSeekBar,VIEW,false,false
6,android.widget.SlidingDrawer,android.view.ViewGroup,VIEW,false,false
6,android.widget.Spinner,android.widget.AbsSpinner,VIEW,false,false
6,android.widget.TabHost,android.widget.FrameLayout,VIEW,false,false
6,android.widget.TabWidget,android.widget.LinearLayout,VIEW,false,false
6,android.widget.TableLayout,android.widget.LinearLayout,VIEW,false,false
6,android.widget.TableRow,android.widget.LinearLayout,VIEW,false,false
6,android.widget.TextSwitcher,android.widget.ViewSwitcher,VIEW,false,false
6,android.widget.TextView,android.view.View,VIEW,false,false
6,android.widget.TimePicker,android.widget.FrameLayout,VIEW,false,false
6,android.widget.Toast,,POPUP,false,false
6,android.widget.ToggleButton,android.widget.CompoundButton,VIEW,false,false
6,android.widget.TwoLineListItem,android.widget.RelativeLayout,VIEW,false,false
6,android.widget.VideoView,android.view.SurfaceView,VIEW,false,false
6,android.widget.ViewAnimator,android.widget.FrameLayout,VIEW,false,false
6,android.widget.ViewFlipper,android.widget.ViewAnimator,VIEW,false,false
6,android.widget.ViewSwitcher,android.widget.ViewAnimator,VIEW,false,false
6,android.widget.ZoomButton,android.widget.ImageButton,VIEW,false,false
6,android.widget.ZoomButtonsController,,CONTROLLER,false,false
6,android.widget.ZoomControls,android.widget.LinearLayout,VIEW,false,false
7,android.app.AlertDialog,android.app.Dialog,DIALOG,false,false
7,android.app.DatePickerDialog,android.app.AlertDialog,DIALOG,false,false
7,android.app.Dialog,,DIALOG,false,false
7,android.app.ProgressDialog,android.app.AlertDialog,DIALOG,false,false
7,android.app.TimePickerDialog,android.app.AlertDialog,DIALOG,false,false
7,android.gesture.GestureOverlayView,android.widget.FrameLayout,VIEW,false,false
7,android.preference.CheckBoxPreference,android.preference.Preference,PREFERENCE,false,false
7,android.preference.DialogPreference,android.preference.Preference,PREFERENCE,true,false
7,android.preference.EditTextPreference,android.preference.DialogPreference,PREFERENCE,false,false
7,android.preference.ListPreference,android.preference.DialogPreference,PREFERENCE,false,false
7,android.preference.Preference,,PREFERENCE,false,false
7,android.preference.PreferenceCategory,android.preference.PreferenceGroup,PREFERENCE,false,false
7,android.preference.PreferenceGroup,android.preference.Preference,PREFERENCE,true,false
7,android.preference.PreferenceScreen,android.preference.PreferenceGroup,PREFERENCE,false,false
7,android.preference.RingtonePreference,android.preference.Preference,PREFERENCE,false,false
7,android.view.SurfaceView,android.view.View,VIEW,false,false
7,android.view.View,,VIEW,false,false
7,android.view.ViewGroup,android.view.View,VIEW,true,false
7,android.view.ViewStub,android.view.View,VIEW,false,false
7,android.webkit.WebView,android.widget.AbsoluteLayout,VIEW,false,false
7,android.widget.AbsListView,android.widget.AdapterView,VIEW,true,false
7,android.widget.AbsSeekBar,android.widget.ProgressBar,VIEW,true,false
7,android.widget.AbsSpinner,android.widget.AdapterView,VIEW,true,false
7,android.widget.AbsoluteLayout,android.view.ViewGroup,VIEW,false,true
7,android.widget.AdapterView,android.view.ViewGroup,VIEW,true,false
7,android.widget.AnalogClock,android.view.View,VIEW,false,false
7,android.widget.AutoCompleteTextView,android.widget.EditText,VIEW,false,false
7,android.widget.Button,android.widget.TextView,VIEW,false,false
7,android.widget.CheckBox,android.widget.CompoundButton,VIEW,false,false
7,android.widget.CheckedTextView,android.widget.TextView,VIEW,false,false
7,android.widget.Chronometer,android.widget.TextView,VIEW,false,false
7,android.widget.CompoundButton,android.widget.Button,VIEW,true,false
7,android.widget.DatePicker,android.widget.FrameLayout,VIEW,false,false
7,android.widget.DialerFilter,android.widget.RelativeLayout,VIEW,false,false
7,android.widget.DigitalClock,android.widget.TextView,VIEW,false,false
7,android.widget.EditText,android.widget.TextView,VIEW,false,false
7,android.widget.ExpandableListView,android.widget.ListView,VIEW,false,false
7,android.widget.FrameLayout,android.view.ViewGroup,VIEW,false,false
7,android.widget.Gallery,android.widget.AbsSpinner,VIEW,false,false
7,android.widget.GridView,android.widget.AbsListView,VIEW,false,false
7,android.widget.HorizontalScrollView,android.widget.FrameLayout,VIEW,false,false
7,android.widget.ImageButton,android.widget.ImageView,VIEW,false,false
7,android.widget.ImageSwitcher,android.widget.ViewSwitcher,VIEW,false,false
7,android.widget.ImageView,android.view.View,VIEW,false,false
7,android.widget.LinearLayout,android.view.ViewGroup,VIEW,false,false
7,android.widget.ListView,android.widget.AbsListView,VIEW,false,false
7,android.widget.MediaController,android.widget.FrameLayout,VIEW,false,false
7,android.widget.MultiAutoCompleteTextView,android.widget.AutoCompleteTextView,VIEW,false,false
7,android.widget.PopupWindow,,POPUP,false,false
7,android.widget.ProgressBar,android.view.View,VIEW,false,false
7,android.widget.QuickContactBadge,android.widget.ImageView,VIEW,false,false
7,android.widget.RadioButton,android.widget.CompoundButton,VIEW,false,false
7,android.widget.RadioGroup,android.widget.LinearLayout,VIEW,false,false
7,android.widget.RatingBar,android.widget.AbsSeekBar,VIEW,false,false
7,android.widget.RelativeLayout,android.view.ViewGroup,VIEW,false,false
7,android.widget.ScrollView,android.widget.FrameLayout,VIEW,false,false
7,android.widget.SeekBar,android.widget.AbsSeekBar,VIEW,false,false
7,android.widget.SlidingDrawer,android.view.ViewGroup,VIEW,false,false
7,android.widget.Spinner,android.widget.AbsSpinner,VIEW,false,false
7,android.widget.TabHost,android.widget.FrameLayout,VIEW,false,false
7,android.widget.TabWidget,android.widget.LinearLayout,VIEW,false,false
7,android.widget.TableLayout,android.widget.LinearLayout,VIEW,false,false
7,android.widget.TableRow,android.widget.LinearLayout,VIEW,false,false
7,android.widget.TextSwitcher,android.widget.ViewSwitcher,VIEW,false,false
7,android.widget.TextView,android.view.View,VIEW,false,false
7,android.widget.TimePicker,android.widget.FrameLayout,VIEW,false,false
7,android.widget.Toast,,POPUP,false,false
7,android.widget.ToggleButton,android.widget.CompoundButton,VIEW,false,false
7,android.widget.TwoLineListItem,android.widget.RelativeLayout,VIEW,false,false
7,android.widget.VideoView,android.view.SurfaceView,VIEW,false,false
7,android.widget.ViewAnimator,android.widget.FrameLayout,VIEW,false,false
7,android.widget.ViewFlipper,android.widget.ViewAnimator,VIEW,false,false
7,android.widget.ViewSwitcher,android.widget.ViewAnimator,VIEW,false,false
7,android.widget.ZoomButton,android.widget.ImageButton,VIEW,false,false
7,android.widget.ZoomButtonsController,,CONTROLLER,false,false
7,android.widget.ZoomControls,android.widget.LinearLayout,VIEW,false,false
8,android.app.AlertDialog,android.app.Dialog,DIALOG,false,false
8,android.app.DatePickerDialog,android.app.AlertDialog,DIALOG,false,false
8,android.app.Dialog,,DIALOG,false,false
8,android.app.ProgressDialog,android.app.AlertDialog,DIALOG,false,false
8,android.app.TimePickerDialog,android.app.AlertDialog,DIALOG,false,false
8,android.gesture.GestureOverlayView,android.widget.FrameLayout,VIEW,false,false
8,android.preference.CheckBoxPreference,android.preference.Preference,PREFERENCE,false,false
8,android.preference.DialogPreference,android.preference.Preference,PREFERENCE,true,false
8,android.preference.EditTextPreference,android.preference.DialogPreference,PREFERENCE,false,false
8,android.preference.ListPreference,android.preference.DialogPreference,PREFERENCE,false,false
8,android.preference.Preference,,PREFERENCE,false,false
8,android.preference.PreferenceCategory,android.preference.PreferenceGroup,PREFERENCE,false,false
8,android.preference.PreferenceGroup,android.preference.Preference,PREFERENCE,true,false
8,android.preference.PreferenceScreen,android.preference.PreferenceGroup,PREFERENCE,false,false
8,android.preference.RingtonePreference,android.preference.Preference,PREFERENCE,false,false
8,android.view.SurfaceView,android.view.View,VIEW,false,false
8,android.view.View,,VIEW,false,false
8,android.view.ViewGroup,android.view.View,VIEW,true,false
8,android.view.ViewStub,android.view.View,VIEW,false,false
8,android.webkit.WebView,android.widget.AbsoluteLayout,VIEW,false,false
8,android.widget.AbsListView,android.widget.AdapterView,VIEW,true,false
8,android.widget.AbsSeekBar,android.widget.ProgressBar,VIEW,true,false
8,android.widget.AbsSpinner,android.widget.AdapterView,VIEW,true,false
8,android.widget.AbsoluteLayout,android.view.ViewGroup,VIEW,false,true
8,android.widget.AdapterView,android.view.ViewGroup,VIEW,true,false
8,android.widget.AnalogClock,android.view.View,VIEW,false,false
8,android.widget.AutoCompleteTextView,android.widget.EditText,VIEW,false,false
8,android.widget.Button,android.widget.TextView,VIEW,false,false
8,android.widget.CheckBox,android.widget.CompoundButton,VIEW,false,false
8,android.widget.CheckedTextView,android.widget.TextView,VIEW,false,false
8,android.widget.Chronometer,android.widget.TextView,VIEW,false,false
8,android.widget.CompoundButton,android.widget.Button,VIEW,true,false
8,android.widget.DatePicker,android.widget.FrameLayout,VIEW,false,false
8,android.widget.DialerFilter,android.widget.RelativeLayout,VIEW,false,false
8,android.widget.DigitalClock,android.widget.TextView,VIEW,false,false
8,android.widget.EditText,android.widget.TextView,VIEW,false,false
8,android.widget.ExpandableListView,android.widget.ListView,VIEW,false,false
8,android.widget.FrameLayout,android.view.ViewGroup,VIEW,false,false
8,android.widget.Gallery,android.widget.AbsSpinner,VIEW,false,false
8,android.widget.GridView,android.widget.AbsListView,VIEW,false,false
8,android.widget.HorizontalScrollView,android.widget.FrameLayout,VIEW,false,false
8,android.widget.ImageButton,android.widget.ImageView,VIEW,false,false
8,android.widget.ImageSwitcher,android.widget.ViewSwitcher,VIEW,false,false
8,android.widget.ImageView,android.view.View,VIEW,false,false
8,android.widget.LinearLayout,android.view.ViewGroup,VIEW,false,false
8,android.widget.ListView,android.widget.AbsListView,VIEW,false,false
8,android.widget.MediaController,android.widget.FrameLayout,VIEW,false,false
8,android.widget.MultiAutoCompleteTextView,android.widget.AutoCompleteTextView,VIEW,false,false
8,android.widget.PopupWindow,,POPUP,false,false
8,android.widget.ProgressBar,android.view.View,VIEW,false,false
8,android.widget.QuickContactBadge,android.widget.ImageView,VIEW,false,false
8,android.widget.RadioButton,android.widget.CompoundButton,VIEW,false,false
8,android.widget.RadioGroup,android.widget.LinearLayout,VIEW,false,false
8,android.widget.RatingBar,android.widget.AbsSeekBar,VIEW,false,false
8,android.widget.RelativeLayout,android.view.ViewGroup,VIEW,false,false
8,android.widget.ScrollView,android.widget.FrameLayout,VIEW,false,false
8,android.widget.SeekBar,android.widget.AbsSeekBar,VIEW,false,false
8,android.widget.SlidingDrawer,android.view.ViewGroup,VIEW,false,false
8,android.widget.Spinner,android.widget.AbsSpinner,VIEW,false,false
8,android.widget.TabHost,android.widget.FrameLayout,VIEW,false,false
8,android.widget.TabWidget,android.widget.LinearLayout,VIEW,false,false
8,android.widget.TableLayout,android.widget.LinearLayout,VIEW,false,false
8,android.widget.TableRow,android.widget.LinearLayout,VIEW,false,false
8,android.widget.TextSwitcher,android.widget.ViewSwitcher,VIEW,false,false
8,android.widget.TextView,android.view.View,VIEW,false,false
8,android.widget.TimePicker,android.widget.FrameLayout,VIEW,false,false
8,android.widget.Toast,,POPUP,false,false
8,android.widget.ToggleButton,android.widget.CompoundButton,VIEW,false,false
8,android.widget.TwoLineListItem,android.widget.RelativeLayout,VIEW,false,false
8,android.widget.VideoView,android.view.SurfaceView,VIEW,false,false
8,android.widget.ViewAnimator,android.widget.FrameLayout,VIEW,false,false
8,android.widget.ViewFlipper,android.widget.ViewAnimator,VIEW,false,false
8,android.widget.ViewSwitcher,android.widget.ViewAnimator,VIEW,false,false
8,android.widget.ZoomButton,android.widget.ImageButton,VIEW,false,false
8,android.widget.ZoomButtonsController,,CONTROLLER,false,false
8,android.widget.ZoomControls,android.widget.LinearLayout,VIEW,false,false
9,android.app.AlertDialog,android.app.Dialog,DIALOG,false,false
9,android.app.DatePickerDialog,android.app.AlertDialog,DIALOG,false,false
9,android.app.Dialog,,DIALOG,false,false
9,android.app.ProgressDialog,android.app.AlertDialog,DIALOG,false,false
9,android.app.TimePickerDialog,android.app.AlertDialog,DIALOG,false,false
9,android.gesture.GestureOverlayView,android.widget.FrameLayout,VIEW,false,false
9,android.preference.CheckBoxPreference,android.preference.Preference,PREFERENCE,false,false
9,android.preference.DialogPreference,android.preference.Preference,PREFERENCE,true,false
9,android.preference.EditTextPreference,android.preference.DialogPreference,PREFERENCE,false,false
9,android.preference.ListPreference,android.preference.DialogPreference,PREFERENCE,false,false
9,android.preference.Preference,,PREFERENCE,false,false
9,android.preference.PreferenceCategory,android.preference.PreferenceGroup,PREFERENCE,false,false
9,android.preference.PreferenceGroup,android.preference.Preference,PREFERENCE,true,false
9,android.preference.PreferenceScreen,android.preference.PreferenceGroup,PREFERENCE,false,false
9,android.preference.RingtonePreference,android.preference.Preference,PREFERENCE,false,false
9,android.view.SurfaceView,android.view.View,VIEW,false,false
9,android.view.View,,VIEW,false,false
9,android.view.ViewGroup,android.view.View,VIEW,true,false
9,android.view.ViewStub,android.view.View,VIEW,false,false
9,android.webkit.WebView,android.widget.AbsoluteLayout,VIEW,false,false
9,android.widget.AbsListView,android.widget.AdapterView,VIEW,true,false
9,android.widget.AbsSeekBar,android.widget.ProgressBar,VIEW,true,false
9,android.widget.AbsSpinner,android.widget.AdapterView,VIEW,true,false
9,android.widget.AbsoluteLayout,android.view.ViewGroup,VIEW,false,true
9,android.widget.AdapterView,android.view.ViewGroup,VIEW,true,false
9,android.widget.AnalogClock,android.view.View,VIEW,false,false
9,android.widget.AutoCompleteTextView,android.widget.EditText,VIEW,false,false
9,android.widget.Button,android.widget.TextView,VIEW,false,false
9,android.widget.CheckBox,android.widget.CompoundButton,VIEW,false,false
9,android.widget.CheckedTextView,android.widget.TextView,VIEW,false,false
9,android.widget.Chronometer,android.widget.TextView,VIEW,false,false
9,android.widget.CompoundButton,android.widget.Button,VIEW,true,false
9,android.widget.DatePicker,android.widget.FrameLayout,VIEW,false,false
9,android.widget.DialerFilter,android.widget.RelativeLayout,VIEW,false,false
9,android.widget.DigitalClock,android.widget.TextView,VIEW,false,false
9,android.widget.EditText,android.widget.TextView,VIEW,false,false
9,android.widget.ExpandableListView,android.widget.ListView,VIEW,false,false
9,android.widget.FrameLayout,android.view.ViewGroup,VIEW,false,false
9,android.widget.Gallery,android.widget.AbsSpinner,VIEW,false,false
9,android.widget.GridView,android.widget.AbsListView,VIEW,false,false
9,android.widget.HorizontalScrollView,android.widget.FrameLayout,VIEW,false,false
9,android.widget.ImageButton,android.widget.ImageView,VIEW,false,false
9,android.widget.ImageSwitcher,android.widget.ViewSwitcher,VIEW,false,false
9,android.widget.ImageView,android.view.View,VIEW,false,false
9,android.widget.LinearLayout,android.view.ViewGroup,VIEW,false,false
9,android.widget.ListView,android.widget.AbsListView,VIEW,false,false
9,android.widget.MediaController,android.widget.FrameLayout,VIEW,false,false
9,android.widget.MultiAutoCompleteTextView,android.widget.AutoCompleteTextView,VIEW,false,false
9,android.widget.PopupWindow,,POPUP,false,false
9,android.widget.ProgressBar,android.view.View,VIEW,false,false
9,android.widget.QuickContactBadge,android.widget.ImageView,VIEW,false,false
9,android.widget.RadioButton,android.widget.CompoundButton,VIEW,false,false
9,android.widget.RadioGroup,android.widget.LinearLayout,VIEW,false,false
9,android.widget.RatingBar,android.widget.AbsSeekBar,VIEW,false,false
9,android.widget.RelativeLayout,android.view.ViewGroup,VIEW,false,false
9,android.widget.ScrollView,android.widget.FrameLayout,VIEW,false,false
9,android.widget.SeekBar,android.widget.AbsSeekBar,VIEW,false,false
9,android.widget.SlidingDrawer,android.view.ViewGroup,VIEW,false,false
9,android.widget.Spinner,android.widget.AbsSpinner,VIEW,false,false
9,android.widget.TabHost,android.widget.FrameLayout,VIEW,false,false
9,android.widget.TabWidget,android.widget.LinearLayout,VIEW,false,false
9,android.widget.TableLayout,android.widget.LinearLayout,VIEW,false,false
9,android.widget.TableRow,android.widget.LinearLayout,VIEW,false,false
9,android.widget.TextSwitcher,android.widget.ViewSwitcher,VIEW,false,false
9,android.widget.TextView,android.view.View,VIEW,false,false
9,android.widget.TimePicker,android.widget.FrameLayout,VIEW,false,false
9,android.widget.Toast,,POPUP,false,false
9,android.widget.ToggleButton,android.widget.CompoundButton,VIEW,false,false
9,android.widget.TwoLineListItem,android.widget.RelativeLayout,VIEW,false,false
9,android.widget.VideoView,android.view.SurfaceView,VIEW,false,false
9,android.widget.ViewAnimator,android.widget.FrameLayout,VIEW,false,false
9,android.widget.ViewFlipper,android.widget.ViewAnimator,VIEW,false,false
9,android.widget.ViewSwitcher,android.widget.ViewAnimator,VIEW,false,false
9,android.widget.ZoomButton,android.widget.ImageButton,VIEW,false,false
9,android.widget.ZoomButtonsController,,CONTROLLER,false,false
9,android.widget.ZoomControls,android.widget.LinearLayout,VIEW,false,false
10,android.app.AlertDialog,android.app.Dialog,DIALOG,false,false
10,android.app.DatePickerDialog,android.app.AlertDialog,DIALOG,false,false
10,android.app.Dialog,,DIALOG,false,false
10,android.app.ProgressDialog,android.app.AlertDialog,DIALOG,false,false
10,android.app.TimePickerDialog,android.app.AlertDialog,DIALOG,false,false
10,android.gesture.GestureOverlayView,android.widget.FrameLayout,VIEW,false,false
10,android.preference.CheckBoxPreference,android.preference.Preference,PREFERENCE,false,false
10,android.preference.DialogPreference,android.preference.Preference,PREFERENCE,true,false
10,android.preference.EditTextPreference,android.preference.DialogPreference,PREFERENCE,false,false
10,android.preference.ListPreference,android.preference.DialogPreference,PREFERENCE,false,false
10,android.preference.Preference,,PREFERENCE,false,false
10,android.preference.PreferenceCategory,android.preference.PreferenceGroup,PREFERENCE,false,false
10,android.preference.PreferenceGroup,android.preference.Preference,PREFERENCE,true,false
10,android.preference.PreferenceScreen,android.preference.PreferenceGroup,PREFERENCE,false,false
10,android.preference.RingtonePreference,android.preference.Preference,PREFERENCE,false,false
10,android.view.SurfaceView,android.view.View,VIEW,false,false
10,android.view.View,,VIEW,false,false
10,android.view.ViewGroup,android.view.View,VIEW,true,false
10,android.view.ViewStub,android.view.View,VIEW,false,false
10,android.webkit.WebView,android.widget.AbsoluteLayout,VIEW,false,false
10,android.widget.AbsListView,android.widget.AdapterView,VIEW,true,false
10,android.widget.AbsSeekBar,android.widget.ProgressBar,VIEW,true,false
10,android.widget.AbsSpinner,android.widget.AdapterView,VIEW,true,false
10,android.widget.AbsoluteLayout,android.view.ViewGroup,VIEW,false,true
10,android.widget.AdapterView,android.view.ViewGroup,VIEW,true,false
10,android.widget.AnalogClock,android.view.View,VIEW,false,false
10,android.widget.AutoCompleteTextView,android.widget.EditText,VIEW,false,false
10,android.widget.Button,android.widget.TextView,VIEW,false,false
10,android.widget.CheckBox,android.widget.CompoundButton,VIEW,false,false
10,android.widget.CheckedTextView,android.widget.TextView,VIEW,false,false
10,android.widget.Chronometer,android.widget.TextView,VIEW,false,false
10,android.widget.CompoundButton,android.widget.Button,VIEW,true,false
10,android.widget.DatePicker,android.widget.FrameLayout,VIEW,false,false
10,android.widget.DialerFilter,android.widget.RelativeLayout,VIEW,false,false
10,android.widget.DigitalClock,android.widget.TextView,VIEW,false,false
10,android.widget.EditText,android.widget.TextView,VIEW,false,false
10,android.widget.ExpandableListView,android.widget.ListView,VIEW,false,false
10,android.widget.FrameLayout,android.view.ViewGroup,VIEW,false,false
10,android.widget.Gallery,android.widget.AbsSpinner,VIEW,false,false
10,android.widget.GridView,android.widget.AbsListView,VIEW,false,false
10,android.widget.HorizontalScrollView,android.widget.FrameLayout,VIEW,false,false
10,android.widget.ImageButton,android.widget.ImageView,VIEW,false,false
10,android.widget.ImageSwitcher,android.widget.ViewSwitcher,VIEW,false,false
10,android.widget.ImageView,android.view.View,VIEW,false,false
10,android.widget.LinearLayout,android.view.ViewGroup,VIEW,false,false
10,android.widget.ListView,android.widget.AbsListView,VIEW,false,false
10,android.widget.MediaController,android.widget.FrameLayout,VIEW,false,false
10,android.widget.MultiAutoCompleteTextView,android.widget.AutoCompleteTextView,VIEW,false,false
10,android.widget.PopupWindow,,POPUP,false,false
10,android.widget.ProgressBar,android.view.View,VIEW,false,false
10,android.widget.QuickContactBadge,android.widget.ImageView,VIEW,false,false
10,android.widget.RadioButton,android.widget.CompoundButton,VIEW,false,false
10,android.widget.RadioGroup,android.widget.LinearLayout,VIEW,false,false
10,android.widget.RatingBar,android.widget.AbsSeekBar,VIEW,false,false
10,android.widget.RelativeLayout,android.view.ViewGroup,VIEW,false,false
10,android.widget.ScrollView,android.widget.FrameLayout,VIEW,false,false
10,android.widget.SeekBar,android.widget.AbsSeekBar,VIEW,false,false
10,android.widget.SlidingDrawer,android.view.ViewGroup,VIEW,false,false
10,android.widget.Spinner,android.widget.AbsSpinner,VIEW,false,false
10,android.widget.TabHost,android.widget.FrameLayout,VIEW,false,false
10,android.widget.TabWidget,android.widget.LinearLayout,VIEW,false,false
10,android.widget.TableLayout,android.widget.LinearLayout,VIEW,false,false
10,android.widget.TableRow,android.widget.LinearLayout,VIEW,false,false
10,android.widget.TextSwitcher,android.widget.ViewSwitcher,VIEW,false,false
10,android.widget.TextView,android.view.View,VIEW,false,false
10,android.widget.TimePicker,android.widget.FrameLayout,VIEW,false,false
10,android.widget.Toast,,POPUP,false,false
10,android.widget.ToggleButton,android.widget.CompoundButton,VIEW,false,false
10,android.widget.TwoLineListItem,android.widget.RelativeLayout,VIEW,false,false
10,android.widget.VideoView,android.view.SurfaceView,VIEW,false,false
10,android.widget.ViewAnimator,android.widget.FrameLayout,VIEW,false,false
10,android.widget.ViewFlipper,android.widget.ViewAnimator,VIEW,false,false
10,android.widget.ViewSwitcher,android.widget.ViewAnimator,VIEW,false,false
10,android.widget.ZoomButton,android.widget.ImageButton,VIEW,false,false
10,android.widget.ZoomButtonsController,,CONTROLLER,false,false
10,android.widget.ZoomControls,android.widget.LinearLayout,VIEW,false,false
11,android.app.ActionBar,,CONTROLLER,true,false
11,android.app.AlertDialog,android.app.Dialog,DIALOG,false,false
11,android.app.DatePickerDialog,android.app.AlertDialog,DIALOG,false,false
11,android.app.Dialog,,DIALOG,false,false
11,android.app.FragmentBreadCrumbs,android.view.ViewGroup,VIEW,false,false
11,android.app.ProgressDialog,android.app.AlertDialog,DIALOG,false,false
11,android.app.TimePickerDialog,android.app.AlertDialog,DIALOG,false,false
11,android.gesture.GestureOverlayView,android.widget.FrameLayout,VIEW,false,false
11,android.preference.CheckBoxPreference,android.preference.Preference,PREFERENCE,false,false
11,android.preference.DialogPreference,android.preference.Preference,PREFERENCE,true,false
11,android.preference.EditTextPreference,android.preference.DialogPreference,PREFERENCE,false,false
11,android.preference.ListPreference,android.preference.DialogPreference,PREFERENCE,false,false
11,android.preference.MultiSelectListPreference,android.preference.DialogPreference,PREFERENCE,false,false
11,android.preference.Preference,,PREFERENCE,false,false
11,android.preference.PreferenceCategory,android.preference.PreferenceGroup,PREFERENCE,false,false
11,android.preference.PreferenceGroup,android.preference.Preference,PREFERENCE,true,false
11,android.preference.PreferenceScreen,android.preference.PreferenceGroup,PREFERENCE,false,false
11,android.preference.RingtonePreference,android.preference.Preference,PREFERENCE,false,false
11,android.view.ActionMode,,CONTROLLER,true,false
11,android.view.SurfaceView,android.view.View,VIEW,false,false
11,android.view.View,,VIEW,false,false
11,android.view.ViewGroup,android.view.View,VIEW,true,false
11,android.view.ViewStub,android.view.View,VIEW,false,false
11,android.webkit.WebView,android.widget.AbsoluteLayout,VIEW,false,false
11,android.widget.AbsListView,android.widget.AdapterView,VIEW,true,false
11,android.widget.AbsSeekBar,android.widget.ProgressBar,VIEW,true,false
11,android.widget.AbsSpinner,android.widget.AdapterView,VIEW,true,false
11,android.widget.AbsoluteLayout,android.view.ViewGroup,VIEW,false,true
11,android.widget.AdapterView,android.view.ViewGroup,VIEW,true,false
11,android.widget.AdapterViewAnimator,android.widget.AdapterView,VIEW,true,false
11,android.widget.AdapterViewFlipper,android.widget.AdapterViewAnimator,VIEW,false,false
11,android.widget.AnalogClock,android.view.View,VIEW,false,false
11,android.widget.AutoCompleteTextView,android.widget.EditText,VIEW,false,false
11,android.widget.Button,android.widget.TextView,VIEW,false,false
11,android.widget.CalendarView,android.widget.FrameLayout,VIEW,false,false
11,android.widget.CheckBox,android.widget.CompoundButton,VIEW,false,false
11,android.widget.CheckedTextView,android.widget.TextView,VIEW,false,false
11,android.widget.Chronometer,android.widget.TextView,VIEW,false,false
11,android.widget.CompoundButton,android.widget.Button,VIEW,true,false
11,android.widget.DatePicker,android.widget.FrameLayout,VIEW,false,false
11,android.widget.DialerFilter,android.widget.RelativeLayout,VIEW,false,false
11,android.widget.DigitalClock,android.widget.TextView,VIEW,false,false
11,android.widget.EditText,android.widget.TextView,VIEW,false,false
11,android.widget.ExpandableListView,android.widget.ListView,VIEW,false,false
11,android.widget.FrameLayout,android.view.ViewGroup,VIEW,false,false
11,android.widget.Gallery,android.widget.AbsSpinner,VIEW,false,false
11,android.widget.GridView,android.widget.AbsListView,VIEW,false,false
11,android.widget.HorizontalScrollView,android.widget.FrameLayout,VIEW,false,false
11,android.widget.ImageButton,android.widget.ImageView,VIEW,false,false
11,android.widget.ImageSwitcher,android.widget.ViewSwitcher,VIEW,false,false
11,android.widget.ImageView,android.view.View,VIEW,false,false
11,android.widget.LinearLayout,android.view.ViewGroup,VIEW,false,false
11,android.widget.ListView,android.widget.AbsListView,VIEW,false,false
11,android.widget.MediaController,android.widget.FrameLayout,VIEW,false,false
11,android.widget.MultiAutoCompleteTextView,android.widget.AutoCompleteTextView,VIEW,false,false
11,android.widget.NumberPicker,android.widget.LinearLayout,VIEW,false,false
11,android.widget.PopupMenu,,POPUP,false,false
11,android.widget.PopupWindow,,POPUP,false,false
11,android.widget.ProgressBar,android.view.View,VIEW,false,false
11,android.widget.QuickContactBadge,android.widget.ImageView,VIEW,false,false
11,android.widget.RadioButton,android.widget.CompoundButton,VIEW,false,false
11,android.widget.RadioGroup,android.widget.LinearLayout,VIEW,false,false
11,android.widget.RatingBar,android.widget.AbsSeekBar,VIEW,false,false
11,android.widget.RelativeLayout,android.view.ViewGroup,VIEW,false,false
11,android.widget.ScrollView,android.widget.FrameLayout,VIEW,false,false
11,android.widget.SearchView,android.widget.LinearLayout,VIEW,false,false
11,android.widget.SeekBar,android.widget.AbsSeekBar,VIEW,false,false
11,android.widget.SlidingDrawer,android.view.ViewGroup,VIEW,false,false
11,android.widget.Spinner,android.widget.AbsSpinner,VIEW,false,false
11,android.widget.StackView,android.widget.AdapterViewAnimator,VIEW,false,false
11,android.widget.TabHost,android.widget.FrameLayout,VIEW,false,false
11,android.widget.TabWidget,android.widget.LinearLayout,VIEW,false,false
11,android.widget.TableLayout,android.widget.LinearLayout,VIEW,false,false
11,android.widget.TableRow,android.widget.LinearLayout,VIEW,false,false
11,android.widget.TextSwitcher,android.widget.ViewSwitcher,VIEW,false,false
11,android.widget.TextView,android.view.View,VIEW,false,false
11,android.widget.TimePicker,android.widget.FrameLayout,VIEW,false,false
11,android.widget.Toast,,POPUP,false,false
11,android.widget.ToggleButton,android.widget.CompoundButton,VIEW,false,false
11,android.widget.TwoLineListItem,android.widget.RelativeLayout,VIEW,false,false
11,android.widget.VideoView,android.view.SurfaceView,VIEW,false,false
11,android.widget.ViewAnimator,android.widget.FrameLayout,VIEW,false,false
11,android.widget.ViewFlipper,android.widget.ViewAnimator,VIEW,false,false
11,android.widget.ViewSwitcher,android.widget.ViewAnimator,VIEW,false,false
11,android.widget.ZoomButton,android.widget.ImageButton,VIEW,false,false
11,android.widget.ZoomButtonsController,,CONTROLLER,false,false
11,android.widget.ZoomControls,android.widget.LinearLayout,VIEW,false,false
12,android.app.ActionBar,,CONTROLLER,true,false
12,android.app.AlertDialog,android.app.Dialog,DIALOG,false,false
12,android.app.DatePickerDialog,android.app.AlertDialog,DIALOG,false,false
12,android.app.Dialog,,DIALOG,false,false
12,android.app.FragmentBreadCrumbs,android.view.ViewGroup,VIEW,false,false
12,android.app.ProgressDialog,android.app.AlertDialog,DIALOG,false,false
12,android.app.TimePickerDialog,android.app.AlertDialog,DIALOG,false,false
12,android.gesture.GestureOverlayView,android.widget.FrameLayout,VIEW,false,false
12,android.preference.CheckBoxPreference,android.preference.Preference,PREFERENCE,false,false
12,android.preference.DialogPreference,android.preference.Preference,PREFERENCE,true,false
12,android.preference.EditTextPreference,android.preference.DialogPreference,PREFERENCE,false,false
12,android.preference.ListPreference,android.preference.DialogPreference,PREFERENCE,false,false
12,android.preference.MultiSelectListPreference,android.preference.DialogPreference,PREFERENCE,false,false
12,android.preference.Preference,,PREFERENCE,false,false
12,android.preference.PreferenceCategory,android.preference.PreferenceGroup,PREFERENCE,false,false
12,android.preference.PreferenceGroup,android.preference.Preference,PREFERENCE,true,false
12,android.preference.PreferenceScreen,android.preference.PreferenceGroup,PREFERENCE,false,false
12,android.preference.RingtonePreference,android.preference.Preference,PREFERENCE,false,false
12,android.view.ActionMode,,CONTROLLER,true,false
12,android.view.SurfaceView,android.view.View,VIEW,false,false
12,android.view.View,,VIEW,false,false
12,android.view.ViewGroup,android.view.View,VIEW,true,false
12,android.view.ViewStub,android.view.View,VIEW,false,false
12,android.webkit.WebView,android.widget.AbsoluteLayout,VIEW,false,false
12,android.widget.AbsListView,android.widget.AdapterView,VIEW,true,false
12,android.widget.AbsSeekBar,android.widget.ProgressBar,VIEW,true,false
12,android.widget.AbsSpinner,android.widget.AdapterView,VIEW,true,false
12,android.widget.AbsoluteLayout,android.view.ViewGroup,VIEW,false,true
12,android.widget.AdapterView,android.view.ViewGroup,VIEW,true,false
12,android.widget.AdapterViewAnimator,android.widget.AdapterView,VIEW,true,false
12,android.widget.AdapterViewFlipper,android.widget.AdapterViewAnimator,VIEW,false,false
12,android.widget.AnalogClock,android.view.View,VIEW,false,false
12,android.widget.AutoCompleteTextView,android.widget.EditText,VIEW,false,false
12,android.widget.Button,android.widget.TextView,VIEW,false,false
12,android.widget.CalendarView,android.widget.FrameLayout,VIEW,false,false
12,android.widget.CheckBox,android.widget.CompoundButton,VIEW,false,false
12,android.widget.CheckedTextView,android.widget.TextView,VIEW,false,false
12,android.widget.Chronometer,android.widget.TextView,VIEW,false,false
12,android.widget.CompoundButton,android.widget.Button,VIEW,true,false
12,android.widget.DatePicker,android.widget.FrameLayout,VIEW,false,false
12,android.widget.DialerFilter,android.widget.RelativeLayout,VIEW,false,false
12,android.widget.DigitalClock,android.widget.TextView,VIEW,false,false
12,android.widget.EditText,android.widget.TextView,VIEW,false,false
12,android.widget.ExpandableListView,android.widget.ListView,VIEW,false,false
12,android.widget.FrameLayout,android.view.ViewGroup,VIEW,false,false
12,android.widget.Gallery,android.widget.AbsSpinner,VIEW,false,false
12,android.widget.GridView,android.widget.AbsListView,VIEW,false,false
12,android.widget.HorizontalScrollView,android.widget.FrameLayout,VIEW,false,false
12,android.widget.ImageButton,android.widget.ImageView,VIEW,false,false
12,android.widget.ImageSwitcher,android.widget.ViewSwitcher,VIEW,false,false
12,android.widget.ImageView,android.view.View,VIEW,false,false
12,android.widget.LinearLayout,android.view.ViewGroup,VIEW,false,false
12,android.widget.ListView,android.widget.AbsListView,VIEW,false,false
12,android.widget.MediaController,android.widget.FrameLayout,VIEW,false,false
12,android.widget.MultiAutoCompleteTextView,android.widget.AutoCompleteTextView,VIEW,false,false
12,android.widget.NumberPicker,android.widget.LinearLayout,VIEW,false,false
12,android.widget.PopupMenu,,POPUP,false,false
12,android.widget.PopupWindow,,POPUP,false,false
12,android.widget.ProgressBar,android.view.View,VIEW,false,false
12,android.widget.QuickContactBadge,android.widget.ImageView,VIEW,false,false
12,android.widget.RadioButton,android.widget.CompoundButton,VIEW,false,false
12,android.widget.RadioGroup,android.widget.LinearLayout,VIEW,false,false
12,android.widget.RatingBar,android.widget.AbsSeekBar,VIEW,false,false
12,android.widget.RelativeLayout,android.view.ViewGroup,VIEW,false,false
12,android.widget.ScrollView,android.widget.FrameLayout,VIEW,false,false
12,android.widget.SearchView,android.widget.LinearLayout,VIEW,false,false
12,android.widget.SeekBar,android.widget.AbsSeekBar,VIEW,false,false
12,android.widget.SlidingDrawer,android.view.ViewGroup,VIEW,false,false
12,android.widget.Spinner,android.widget.AbsSpinner,VIEW,false,false
12,android.widget.StackView,android.widget.AdapterViewAnimator,VIEW,false,false
12,android.widget.TabHost,android.widget.FrameLayout,VIEW,false,false
12,android.widget.TabWidget,android.widget.LinearLayout,VIEW,false,false
12,android.widget.TableLayout,android.widget.LinearLayout,VIEW,false,false
12,android.widget.TableRow,android.widget.LinearLayout,VIEW,false,false
12,android.widget.TextSwitcher,android.widget.ViewSwitcher,VIEW,false,false
12,android.widget.TextView,android.view.View,VIEW,false,false
12,android.widget.TimePicker,android.widget.FrameLayout,VIEW,false,false
12,android.widget.Toast,,POPUP,false,false
12,android.widget.ToggleButton,android.widget.CompoundButton,VIEW,false,false
12,android.widget.TwoLineListItem,android.widget.RelativeLayout,VIEW,false,false
12,android.widget.VideoView,android.view.SurfaceView,VIEW,false,false
12,android.widget.ViewAnimator,android.widget.FrameLayout,VIEW,false,false
12,android.widget.ViewFlipper,android.widget.ViewAnimator,VIEW,false,false
12,android.widget.ViewSwitcher,android.widget.ViewAnimator,VIEW,false,false
12,android.widget.ZoomButton,android.widget.ImageButton,VIEW,false,false
12,android.widget.ZoomButtonsController,,CONTROLLER,false,false
12,android.widget.ZoomControls,android.widget.LinearLayout,VIEW,false,false
13,android.app.ActionBar,,CONTROLLER,true,false
13,android.app.AlertDialog,android.app.Dialog,DIALOG,false,false
13,android.app.DatePickerDialog,android.app.AlertDialog,DIALOG,false,false
13,android.app.Dialog,,DIALOG,false,false
13,android.app.FragmentBreadCrumbs,android.view.ViewGroup,VIEW,false,false
13,android.app.ProgressDialog,android.app.AlertDialog,DIALOG,false,false
13,android.app.TimePickerDialog,android.app.AlertDialog,DIALOG,false,false
13,android.gesture.GestureOverlayView,android.widget.FrameLayout,VIEW,false,false
13,android.preference.CheckBoxPreference,android.preference.Preference,PREFERENCE,false,false
13,android.preference.DialogPreference,android.preference.Preference,PREFERENCE,true,false
13,android.preference.EditTextPreference,android.preference.DialogPreference,PREFERENCE,false,false
13,android.preference.ListPreference,android.preference.DialogPreference,PREFERENCE,false,false
13,android.preference.MultiSelectListPreference,android.preference.DialogPreference,PREFERENCE,false,false
13,android.preference.Preference,,PREFERENCE,false,false
13,android.preference.PreferenceCategory,android.preference.PreferenceGroup,PREFERENCE,false,false
13,android.preference.PreferenceGroup,android.preference.Preference,PREFERENCE,true,false
13,android.preference.PreferenceScreen,android.preference.PreferenceGroup,PREFERENCE,false,false
13,android.preference.RingtonePreference,android.preference.Preference,PREFERENCE,false,false
13,android.view.ActionMode,,CONTROLLER,true,false
13,android.view.SurfaceView,android.view.View,VIEW,false,false
13,android.view.View,,VIEW,false,false
13,android.view.ViewGroup,android.view.View,VIEW,true,false
13,android.view.ViewStub,android.view.View,VIEW,false,false
13,android.webkit.WebView,android.widget.AbsoluteLayout,VIEW,false,false
13,android.widget.AbsListView,android.widget.AdapterView,VIEW,true,false
13,android.widget.AbsSeekBar,android.widget.ProgressBar,VIEW,true,false
13,android.widget.AbsSpinner,android.widget.AdapterView,VIEW,true,false
13,android.widget.AbsoluteLayout,android.view.ViewGroup,VIEW,false,true
13,android.widget.AdapterView,android.view.ViewGroup,VIEW,true,false
13,android.widget.AdapterViewAnimator,android.widget.AdapterView,VIEW,true,false
13,android.widget.AdapterViewFlipper,android.widget.AdapterViewAnimator,VIEW,false,false
13,android.widget.AnalogClock,android.view.View,VIEW,false,false
13,android.widget.AutoCompleteTextView,android.widget.EditText,VIEW,false,false
13,android.widget.Button,android.widget.TextView,VIEW,false,false
13,android.widget.CalendarView,android.widget.FrameLayout,VIEW,false,false
13,android.widget.CheckBox,android.widget.CompoundButton,VIEW,false,false
13,android.widget.CheckedTextView,android.widget.TextView,VIEW,false,false
13,android.widget.Chronometer,android.widget.TextView,VIEW,false,false
13,android.widget.CompoundButton,android.widget.Button,VIEW,true,false
13,android.widget.DatePicker,android.widget.FrameLayout,VIEW,false,false
13,android.widget.DialerFilter,android.widget.RelativeLayout,VIEW,false,false
13,android.widget.DigitalClock,android.widget.TextView,VIEW,false,false
13,android.widget.EditText,android.widget.TextView,VIEW,false,false
13,android.widget.ExpandableListView,android.widget.ListView,VIEW,false,false
13,android.widget.FrameLayout,android.view.ViewGroup,VIEW,false,false
13,android.widget.Gallery,android.widget.AbsSpinner,VIEW,false,false
13,android.widget.GridView,android.widget.AbsListView,VIEW,false,false
13,android.widget.HorizontalScrollView,android.widget.FrameLayout,VIEW,false,false
13,android.widget.ImageButton,android.widget.ImageView,VIEW,false,false
13,android.widget.ImageSwitcher,android.widget.ViewSwitcher,VIEW,false,false
13,android.widget.ImageView,android.view.View,VIEW,false,false
13,android.widget.LinearLayout,android.view.ViewGroup,VIEW,false,false
13,android.widget.ListView,android.widget.AbsListView,VIEW,false,false
13,android.widget.MediaController,android.widget.FrameLayout,VIEW,false,false
13,android.widget.MultiAutoCompleteTextView,android.widget.AutoCompleteTextView,VIEW,false,false
13,android.widget.NumberPicker,android.widget.LinearLayout,VIEW,false,false
13,android.widget.PopupMenu,,POPUP,false,false
13,android.widget.PopupWindow,,POPUP,false,false
13,android.widget.ProgressBar,android.view.View,VIEW,false,false
13,android.widget.QuickContactBadge,android.widget.ImageView,VIEW,false,false
13,android.widget.RadioButton,android.widget.CompoundButton,VIEW,false,false
13,android.widget.RadioGroup,android.widget.LinearLayout,VIEW,false,false
13,android.widget.RatingBar,android.widget.AbsSeekBar,VIEW,false,false
13,android.widget.RelativeLayout,android.view.ViewGroup,VIEW,false,false
13,android.widget.ScrollView,android.widget.FrameLayout,VIEW,false,false
13,android.widget.SearchView,android.widget.LinearLayout,VIEW,false,false
13,android.widget.SeekBar,android.widget.AbsSeekBar,VIEW,false,false
13,android.widget.SlidingDrawer,android.view.ViewGroup,VIEW,false,false
13,android.widget.Spinner,android.widget.AbsSpinner,VIEW,false,false
13,android.widget.StackView,android.widget.AdapterViewAnimator,VIEW,false,false
13,android.widget.TabHost,android.widget.FrameLayout,VIEW,false,false
13,android.widget.TabWidget,android.widget.LinearLayout,VIEW,false,false
13,android.widget.TableLayout,android.widget.LinearLayout,VIEW,false,false
13,android.widget.TableRow,android.widget.LinearLayout,VIEW,false,false
13,android.widget.TextSwitcher,android.widget.ViewSwitcher,VIEW,false,false
13,android.widget.TextView,android.view.View,VIEW,false,false
13,android.widget.TimePicker,android.widget.FrameLayout,VIEW,false,false
13,android.widget.Toast,,POPUP,false,false
13,android.widget.ToggleButton,android.widget.CompoundButton,VIEW,false,false
13,android.widget.TwoLineListItem,android.widget.RelativeLayout,VIEW,false,false
13,android.widget.VideoView,android.view.SurfaceView,VIEW,false,false
13,android.widget.ViewAnimator,android.widget.FrameLayout,VIEW,false,false
13,android.widget.ViewFlipper,android.widget.ViewAnimator,VIEW,false,false
13,android.widget.ViewSwitcher,android.widget.ViewAnimator,VIEW,false,false
13,android.widget.ZoomButton,android.widget.ImageButton,VIEW,false,false
13,android.widget.ZoomButtonsController,,CONTROLLER,false,false
13,android.widget.ZoomControls,android.widget.LinearLayout,VIEW,false,false
14,android.app.ActionBar,,CONTROLLER,true,false
14,android.app.AlertDialog,android.app.Dialog,DIALOG,false,false
14,android.app.DatePickerDialog,android.app.AlertDialog,DIALOG,false,false
14,android.app.Dialog,,DIALOG,false,false
14,android.app.FragmentBreadCrumbs,android.view.ViewGroup,VIEW,false,false
14,android.app.ProgressDialog,android.app.AlertDialog,DIALOG,false,false
14,android.app.TimePickerDialog,android.app.AlertDialog,DIALOG,false,false
14,android.gesture.GestureOverlayView,android.widget.FrameLayout,VIEW,false,false
14,android.preference.CheckBoxPreference,android.preference.TwoStatePreference,PREFERENCE,false,false
14,android.preference.DialogPreference,android.preference.Preference,PREFERENCE,true,false
14,android.preference.EditTextPreference,android.preference.DialogPreference,PREFERENCE,false,false
14,android.preference.ListPreference,android.preference.DialogPreference,PREFERENCE,false,false
14,android.preference.MultiSelectListPreference,android.preference.DialogPreference,PREFERENCE,false,false
14,android.preference.Preference,,PREFERENCE,false,false
14,android.preference.PreferenceCategory,android.preference.PreferenceGroup,PREFERENCE,false,false
14,android.preference.PreferenceGroup,android.preference.Preference,PREFERENCE,true,false
14,android.preference.PreferenceScreen,android.preference.PreferenceGroup,PREFERENCE,false,false
14,android.preference.RingtonePreference,android.preference.Preference,PREFERENCE,false,false
14,android.preference.SwitchPreference,android.preference.TwoStatePreference,PREFERENCE,false,false
14,android.preference.TwoStatePreference,android.preference.Preference,PREFERENCE,true,false
14,android.view.ActionMode,,CONTROLLER,true,false
14,android.view.SurfaceView,android.view.View,VIEW,false,false
14,android.view.TextureView,android.view.View,VIEW,false,false
14,android.view.View,,VIEW,false,false
14,android.view.ViewGroup,android.view.View,VIEW,true,false
14,android.view.ViewStub,android.view.View,VIEW,false,false
14,android.webkit.WebView,android.widget.AbsoluteLayout,VIEW,false,false
14,android.widget.AbsListView,android.widget.AdapterView,VIEW,true,false
14,android.widget.AbsSeekBar,android.widget.ProgressBar,VIEW,true,false
14,android.widget.AbsSpinner,android.widget.AdapterView,VIEW,true,false
14,android.widget.AbsoluteLayout,android.view.ViewGroup,VIEW,false,true
14,android.widget.AdapterView,android.view.ViewGroup,VIEW,true,false
14,android.widget.AdapterViewAnimator,android.widget.AdapterView,VIEW,true,false
14,android.widget.AdapterViewFlipper,android.widget.AdapterViewAnimator,VIEW,false,false
14,android.widget.AnalogClock,android.view.View,VIEW,false,false
14,android.widget.AutoCompleteTextView,android.widget.EditText,VIEW,false,false
14,android.widget.Button,android.widget.TextView,VIEW,false,false
14,android.widget.CalendarView,android.widget.FrameLayout,VIEW,false,false
14,android.widget.CheckBox,android.widget.CompoundButton,VIEW,false,false
14,android.widget.CheckedTextView,android.widget.TextView,VIEW,false,false
14,android.widget.Chronometer,android.widget.TextView,VIEW,false,false
14,android.widget.CompoundButton,android.widget.Button,VIEW,true,false
14,android.widget.DatePicker,android.widget.FrameLayout,VIEW,false,false
14,android.widget.DialerFilter,android.widget.RelativeLayout,VIEW,false,false
14,android.widget.DigitalClock,android.widget.TextView,VIEW,false,false
14,android.widget.EdgeEffect,,CONTROLLER,false,false
14,android.widget.EditText,android.widget.TextView,VIEW,false,false
14,android.widget.ExpandableListView,android.widget.ListView,VIEW,false,false
14,android.widget.FrameLayout,android.view.ViewGroup,VIEW,false,false
14,android.widget.Gallery,android.widget.AbsSpinner,VIEW,false,false
14,android.widget.GridLayout,android.view.ViewGroup,VIEW,false,false
14,android.widget.GridView,android.widget.AbsListView,VIEW,false,false
14,android.widget.HorizontalScrollView,android.widget.FrameLayout,VIEW,false,false
14,android.widget.ImageButton,android.widget.ImageView,VIEW,false,false
14,android.widget.ImageSwitcher,android.widget.ViewSwitcher,VIEW,false,false
14,android.widget.ImageView,android.view.View,VIEW,false,false
14,android.widget.LinearLayout,android.view.ViewGroup,VIEW,false,false
14,android.widget.ListView,android.widget.AbsListView,VIEW,false,false
14,android.widget.MediaController,android.widget.FrameLayout,VIEW,false,false
14,android.widget.MultiAutoCompleteTextView,android.widget.AutoCompleteTextView,VIEW,false,false
14,android.widget.NumberPicker,android.widget.LinearLayout,VIEW,false,false
14,android.widget.PopupMenu,,POPUP,false,false
14,android.widget.PopupWindow,,POPUP,false,false
14,android.widget.ProgressBar,android.view.View,VIEW,false,false
14,android.widget.QuickContactBadge,android.widget.ImageView,VIEW,false,false
14,android.widget.RadioButton,android.widget.CompoundButton,VIEW,false,false
14,android.widget.RadioGroup,android.widget.LinearLayout,VIEW,false,false
14,android.widget.RatingBar,android.widget.AbsSeekBar,VIEW,false,false
14,android.widget.RelativeLayout,android.view.ViewGroup,VIEW,false,false
14,android.widget.ScrollView,android.widget.FrameLayout,VIEW,false,false
14,android.widget.SearchView,android.widget.LinearLayout,VIEW,false,false
14,android.widget.SeekBar,android.widget.AbsSeekBar,VIEW,false,false
14,android.widget.SlidingDrawer,android.view.ViewGroup,VIEW,false,false
14,android.widget.Space,android.view.View,VIEW,false,false
14,android.widget.Spinner,android.widget.AbsSpinner,VIEW,false,false
14,android.widget.StackView,android.widget.AdapterViewAnimator,VIEW,false,false
14,android.widget.Switch,android.widget.CompoundButton,VIEW,false,false
14,android.widget.TabHost,android.widget.FrameLayout,VIEW,false,false
14,android.widget.TabWidget,android.widget.LinearLayout,VIEW,false,false
14,android.widget.TableLayout,android.widget.LinearLayout,VIEW,false,false
14,android.widget.TableRow,android.widget.LinearLayout,VIEW,false,false
14,android.widget.TextSwitcher,android.widget.ViewSwitcher,VIEW,false,false
14,android.widget.TextView,android.view.View,VIEW,false,false
14,android.widget.TimePicker,android.widget.FrameLayout,VIEW,false,false
14,android.widget.Toast,,POPUP,false,false
14,android.widget.ToggleButton,android.widget.CompoundButton,VIEW,false,false
14,android.widget.TwoLineListItem,android.widget.RelativeLayout,VIEW,false,false
14,android.widget.VideoView,android.view.SurfaceView,VIEW,false,false
14,android.widget.ViewAnimator,android.widget.FrameLayout,VIEW,false,false
14,android.widget.ViewFlipper,android.widget.ViewAnimator,VIEW,false,false
14,android.widget.ViewSwitcher,android.widget.ViewAnimator,VIEW,false,false
14,android.widget.ZoomButton,android.widget.ImageButton,VIEW,false,false
14,android.widget.ZoomButtonsController,,CONTROLLER,false,false
14,android.widget.ZoomControls,android.widget.LinearLayout,VIEW,false,false
15,android.app.ActionBar,,CONTROLLER,true,false
15,android.app.AlertDialog,android.app.Dialog,DIALOG,false,false
15,android.app.DatePickerDialog,android.app.AlertDialog,DIALOG,false,false
15,android.app.Dialog,,DIALOG,false,false
15,android.app.FragmentBreadCrumbs,android.view.ViewGroup,VIEW,false,false
15,android.app.ProgressDialog,android.app.AlertDialog,DIALOG,false,false
15,android.app.TimePickerDialog,android.app.AlertDialog,DIALOG,false,false
15,android.gesture.GestureOverlayView,android.widget.FrameLayout,VIEW,false,false
15,android.preference.CheckBoxPreference,android.preference.TwoStatePreference,PREFERENCE,false,false
15,android.preference.DialogPreference,android.preference.Preference,PREFERENCE,true,false
15,android.preference.EditTextPreference,android.preference.DialogPreference,PREFERENCE,false,false
15,android.preference.ListPreference,android.preference.DialogPreference,PREFERENCE,false,false
15,android.preference.MultiSelectListPreference,android.preference.DialogPreference,PREFERENCE,false,false
15,android.preference.Preference,,PREFERENCE,false,false
15,android.preference.PreferenceCategory,android.preference.PreferenceGroup,PREFERENCE,false,false
15,android.preference.PreferenceGroup,android.preference.Preference,PREFERENCE,true,false
15,android.preference.PreferenceScreen,android.preference.PreferenceGroup,PREFERENCE,false,false
15,android.preference.RingtonePreference,android.preference.Preference,PREFERENCE,false,false
15,android.preference.SwitchPreference,android.preference.TwoStatePreference,PREFERENCE,false,false
15,android.preference.TwoStatePreference,android.preference.Preference,PREFERENCE,true,false
15,android.view.ActionMode,,CONTROLLER,true,false
15,android.view.SurfaceView,android.view.View,VIEW,false,false
15,android.view.TextureView,android.view.View,VIEW,false,false
15,android.view.View,,VIEW,false,false
15,android.view.ViewGroup,android.view.View,VIEW,true,false
15,android.view.ViewStub,android.view.View,VIEW,false,false
15,android.webkit.WebView,android.widget.AbsoluteLayout,VIEW,false,false
15,android.widget.AbsListView,android.widget.AdapterView,VIEW,true,false
15,android.widget.AbsSeekBar,android.widget.ProgressBar,VIEW,true,false
15,android.widget.AbsSpinner,android.widget.AdapterView,VIEW,true,false
15,android.widget.AbsoluteLayout,android.view.ViewGroup,VIEW,false,true
15,android.widget.AdapterView,android.view.ViewGroup,VIEW,true,false
15,android.widget.AdapterViewAnimator,android.widget.AdapterView,VIEW,true,false
15,android.widget.AdapterViewFlipper,android.widget.AdapterViewAnimator,VIEW,false,false
15,android.widget.AnalogClock,android.view.View,VIEW,false,false
15,android.widget.AutoCompleteTextView,android.widget.EditText,VIEW,false,false
15,android.widget.Button,android.widget.TextView,VIEW,false,false
15,android.widget.CalendarView,android.widget.FrameLayout,VIEW,false,false
15,android.widget.CheckBox,android.widget.CompoundButton,VIEW,false,false
15,android.widget.CheckedTextView,android.widget.TextView,VIEW,false,false
15,android.widget.Chronometer,android.widget.TextView,VIEW,false,false
15,android.widget.CompoundButton,android.widget.Button,VIEW,true,false
15,android.widget.DatePicker,android.widget.FrameLayout,VIEW,false,false
15,android.widget.DialerFilter,android.widget.RelativeLayout,VIEW,false,false
15,android.widget.DigitalClock,android.widget.TextView,VIEW,false,false
15,android.widget.EdgeEffect,,CONTROLLER,false,false
15,android.widget.EditText,android.widget.TextView,VIEW,false,false
15,android.widget.ExpandableListView,android.widget.ListView,VIEW,false,false
15,android.widget.FrameLayout,android.view.ViewGroup,VIEW,false,false
15,android.widget.Gallery,android.widget.AbsSpinner,VIEW,false,false
15,android.widget.GridLayout,android.view.ViewGroup,VIEW,false,false
15,android.widget.GridView,android.widget.AbsListView,VIEW,false,false
15,android.widget.HorizontalScrollView,android.widget.FrameLayout,VIEW,false,false
15,android.widget.ImageButton,android.widget.ImageView,VIEW,false,false
15,android.widget.ImageSwitcher,android.widget.ViewSwitcher,VIEW,false,false
15,android.widget.ImageView,android.view.View,VIEW,false,false
15,android.widget.LinearLayout,android.view.ViewGroup,VIEW,false,false
15,android.widget.ListView,android.widget.AbsListView,VIEW,false,false
15,android.widget.MediaController,android.widget.FrameLayout,VIEW,false,false
15,android.widget.MultiAutoCompleteTextView,android.widget.AutoCompleteTextView,VIEW,false,false
15,android.widget.NumberPicker,android.widget.LinearLayout,VIEW,false,false
15,android.widget.PopupMenu,,POPUP,false,false
15,android.widget.PopupWindow,,POPUP,false,false
15,android.widget.ProgressBar,android.view.View,VIEW,false,false
15,android.widget.QuickContactBadge,android.widget.ImageView,VIEW,false,false
15,android.widget.RadioButton,android.widget.CompoundButton,VIEW,false,false
15,android.widget.RadioGroup,android.widget.LinearLayout,VIEW,false,false
15,android.widget.RatingBar,android.widget.AbsSeekBar,VIEW,false,false
15,android.widget.RelativeLayout,android.view.ViewGroup,VIEW,false,false
15,android.widget.ScrollView,android.widget.FrameLayout,VIEW,false,false
15,android.widget.SearchView,android.widget.LinearLayout,VIEW,false,false
15,android.widget.SeekBar,android.widget.AbsSeekBar,VIEW,false,false
15,android.widget.SlidingDrawer,android.view.ViewGroup,VIEW,false,false
15,android.widget.Space,android.view.View,VIEW,false,false
15,android.widget.Spinner,android.widget.AbsSpinner,VIEW,false,false
15,android.widget.StackView,android.widget.AdapterViewAnimator,VIEW,false,false
15,android.widget.Switch,android.widget.CompoundButton,VIEW,false,false
15,android.widget.TabHost,android.widget.FrameLayout,VIEW,false,false
15,android.widget.TabWidget,android.widget.LinearLayout,VIEW,false,false
15,android.widget.TableLayout,android.widget.LinearLayout,VIEW,false,false
15,android.widget.TableRow,android.widget.LinearLayout,VIEW,false,false
15,android.widget.TextSwitcher,android.widget.ViewSwitcher,VIEW,false,false
15,android.widget.TextView,android.view.View,VIEW,false,false
15,android.widget.TimePicker,android.widget.FrameLayout,VIEW,false,false
15,android.widget.Toast,,POPUP,false,false
15,android.widget.ToggleButton,android.widget.CompoundButton,VIEW,false,false
15,android.widget.TwoLineListItem,android.widget.RelativeLayout,VIEW,false,false
15,android.widget.VideoView,android.view.SurfaceView,VIEW,false,false
15,android.widget.ViewAnimator,android.widget.FrameLayout,VIEW,false,false
15,android.widget.ViewFlipper,android.widget.ViewAnimator,VIEW,false,false
15,android.widget.ViewSwitcher,android.widget.ViewAnimator,VIEW,false,false
15,android.widget.ZoomButton,android.widget.ImageButton,VIEW,false,false
15,android.widget.ZoomButtonsController,,CONTROLLER,false,false
15,android.widget.ZoomControls,android.widget.LinearLayout,VIEW,false,false
16,android.app.ActionBar,,CONTROLLER,true,false
16,android.app.AlertDialog,android.app.Dialog,DIALOG,false,false
16,android.app.DatePickerDialog,android.app.AlertDialog,DIALOG,false,false
16,android.app.Dialog,,DIALOG,false,false
16,android.app.FragmentBreadCrumbs,android.view.ViewGroup,VIEW,false,false
16,android.app.MediaRouteButton,android.view.View,VIEW,false,false
16,android.app.ProgressDialog,android.app.AlertDialog,DIALOG,false,false
16,android.app.TimePickerDialog,android.app.AlertDialog,DIALOG,false,false
16,android.gesture.GestureOverlayView,android.widget.FrameLayout,VIEW,false,false
16,android.preference.CheckBoxPreference,android.preference.TwoStatePreference,PREFERENCE,false,false
16,android.preference.DialogPreference,android.preference.Preference,PREFERENCE,true,false
16,android.preference.EditTextPreference,android.preference.DialogPreference,PREFERENCE,false,false
16,android.preference.ListPreference,android.preference.DialogPreference,PREFERENCE,false,false
16,android.preference.MultiSelectListPreference,android.preference.DialogPreference,PREFERENCE,false,false
16,android.preference.Preference,,PREFERENCE,false,false
16,android.preference.PreferenceCategory,android.preference.PreferenceGroup,PREFERENCE,false,false
16,android.preference.PreferenceGroup,android.preference.Preference,PREFERENCE,true,false
16,android.preference.PreferenceScreen,android.preference.PreferenceGroup,PREFERENCE,false,false
16,android.preference.RingtonePreference,android.preference.Preference,PREFERENCE,false,false
16,android.preference.SwitchPreference,android.preference.TwoStatePreference,PREFERENCE,false,false
16,android.preference.TwoStatePreference,android.preference.Preference,PREFERENCE,true,false
16,android.view.ActionMode,,CONTROLLER,true,false
16,android.view.SurfaceView,android.view.View,VIEW,false,false
16,android.view.TextureView,android.view.View,VIEW,false,false
16,android.view.View,,VIEW,false,false
16,android.view.ViewGroup,android.view.View,VIEW,true,false
16,android.view.ViewStub,android.view.View,VIEW,false,false
16,android.webkit.WebView,android.widget.AbsoluteLayout,VIEW,false,false
16,android.widget.AbsListView,android.widget.AdapterView,VIEW,true,false
16,android.widget.AbsSeekBar,android.widget.ProgressBar,VIEW,true,false
16,android.widget.AbsSpinner,android.widget.AdapterView,VIEW,true,false
16,android.widget.AbsoluteLayout,android.view.ViewGroup,VIEW,false,true
16,android.widget.AdapterView,android.view.ViewGroup,VIEW,true,false
16,android.widget.AdapterViewAnimator,android.widget.AdapterView,VIEW,true,false
16,android.widget.AdapterViewFlipper,android.widget.AdapterViewAnimator,VIEW,false,false
16,android.widget.AnalogClock,android.view.View,VIEW,false,false
16,android.widget.AutoCompleteTextView,android.widget.EditText,VIEW,false,false
16,android.widget.Button,android.widget.TextView,VIEW,false,false
16,android.widget.CalendarView,android.widget.FrameLayout,VIEW,false,false
16,android.widget.CheckBox,android.widget.CompoundButton,VIEW,false,false
16,android.widget.CheckedTextView,android.widget.TextView,VIEW,false,false
16,android.widget.Chronometer,android.widget.TextView,VIEW,false,false
16,android.widget.CompoundButton,android.widget.Button,VIEW,true,false
16,android.widget.DatePicker,android.widget.FrameLayout,VIEW,false,false
16,android.widget.DialerFilter,android.widget.RelativeLayout,VIEW,false,false
16,android.widget.DigitalClock,android.widget.TextView,VIEW,false,false
16,android.widget.EdgeEffect,,CONTROLLER,false,false
16,android.widget.EditText,android.widget.TextView,VIEW,false,false
16,android.widget.ExpandableListView,android.widget.ListView,VIEW,false,false
16,android.widget.FrameLayout,android.view.ViewGroup,VIEW,false,false
16,android.widget.Gallery,android.widget.AbsSpinner,VIEW,false,true
16,android.widget.GridLayout,android.view.ViewGroup,VIEW,false,false
16,android.widget.GridView,android.widget.AbsListView,VIEW,false,false
16,android.widget.HorizontalScrollView,android.widget.FrameLayout,VIEW,false,false
16,android.widget.ImageButton,android.widget.ImageView,VIEW,false,false
16,android.widget.ImageSwitcher,android.widget.ViewSwitcher,VIEW,false,false
16,android.widget.ImageView,android.view.View,VIEW,false,false
16,android.widget.LinearLayout,android.view.ViewGroup,VIEW,false,false
16,android.widget.ListView,android.widget.AbsListView,VIEW,false,false
16,android.widget.MediaController,android.widget.FrameLayout,VIEW,false,false
16,android.widget.MultiAutoCompleteTextView,android.widget.AutoCompleteTextView,VIEW,false,false
16,android.widget.NumberPicker,android.widget.LinearLayout,VIEW,false,false
16,android.widget.PopupMenu,,POPUP,false,false
16,android.widget.PopupWindow,,POPUP,false,false
16,android.widget.ProgressBar,android.view.View,VIEW,false,false
16,android.widget.QuickContactBadge,android.widget.ImageView,VIEW,false,false
16,android.widget.RadioButton,android.widget.CompoundButton,VIEW,false,false
16,android.widget.RadioGroup,android.widget.LinearLayout,VIEW,false,false
16,android.widget.RatingBar,android.widget.AbsSeekBar,VIEW,false,false
16,android.widget.RelativeLayout,android.view.ViewGroup,VIEW,false,false
16,android.widget.ScrollView,android.widget.FrameLayout,VIEW,false,false
16,android.widget.SearchView,android.widget.LinearLayout,VIEW,false,false
16,android.widget.SeekBar,android.widget.AbsSeekBar,VIEW,false,false
16,android.widget.SlidingDrawer,android.view.ViewGroup,VIEW,false,false
16,android.widget.Space,android.view.View,VIEW,false,false
16,android.widget.Spinner,android.widget.AbsSpinner,VIEW,false,false
16,android.widget.StackView,android.widget.AdapterViewAnimator,VIEW,false,false
16,android.widget.Switch,android.widget.CompoundButton,VIEW,false,false
16,android.widget.TabHost,android.widget.FrameLayout,VIEW,false,false
16,android.widget.TabWidget,android.widget.LinearLayout,VIEW,false,false
16,android.widget.TableLayout,android.widget.LinearLayout,VIEW,false,false
16,android.widget.TableRow,android.widget.LinearLayout,VIEW,false,false
16,android.widget.TextSwitcher,android.widget.ViewSwitcher,VIEW,false,false
16,android.widget.TextView,android.view.View,VIEW,false,false
16,android.widget.TimePicker,android.widget.FrameLayout,VIEW,false,false
16,android.widget.Toast,,POPUP,false,false
16,android.widget.ToggleButton,android.widget.CompoundButton,VIEW,false,false
16,android.widget.TwoLineListItem,android.widget.RelativeLayout,VIEW,false,false
16,android.widget.VideoView,android.view.SurfaceView,VIEW,false,false
16,android.widget.ViewAnimator,android.widget.FrameLayout,VIEW,false,false
16,android.widget.ViewFlipper,android.widget.ViewAnimator,VIEW,false,false
16,android.widget.ViewSwitcher,android.widget.ViewAnimator,VIEW,false,false
16,android.widget.ZoomButton,android.widget.ImageButton,VIEW,false,false
16,android.widget.ZoomButtonsController,,CONTROLLER,false,false
16,android.widget.ZoomControls,android.widget.LinearLayout,VIEW,false,false
17,android.app.ActionBar,,CONTROLLER,true,false
17,android.app.AlertDialog,android.app.Dialog,DIALOG,false,false
17,android.app.DatePickerDialog,android.app.AlertDialog,DIALOG,false,false
17,android.app.Dialog,,DIALOG,false,false
17,android.app.FragmentBreadCrumbs,android.view.ViewGroup,VIEW,false,false
17,android.app.MediaRouteButton,android.view.View,VIEW,false,false
17,android.app.Presentation,android.app.Dialog,DIALOG,false,false
17,android.app.ProgressDialog,android.app.AlertDialog,DIALOG,false,false
17,android.app.TimePickerDialog,android.app.AlertDialog,DIALOG,false,false
17,android.gesture.GestureOverlayView,android.widget.FrameLayout,VIEW,false,false
17,android.preference.CheckBoxPreference,android.preference.TwoStatePreference,PREFERENCE,false,false
17,android.preference.DialogPreference,android.preference.Preference,PREFERENCE,true,false
17,android.preference.EditTextPreference,android.preference.DialogPreference,PREFERENCE,false,false
17,android.preference.ListPreference,android.preference.DialogPreference,PREFERENCE,false,false
17,android.preference.MultiSelectListPreference,android.preference.DialogPreference,PREFERENCE,false,false
17,android.preference.Preference,,PREFERENCE,false,false
17,android.preference.PreferenceCategory,android.preference.PreferenceGroup,PREFERENCE,false,false
17,android.preference.PreferenceGroup,android.preference.Preference,PREFERENCE,true,false
17,android.preference.PreferenceScreen,android.preference.PreferenceGroup,PREFERENCE,false,false
17,android.preference.RingtonePreference,android.preference.Preference,PREFERENCE,false,false
17,android.preference.SwitchPreference,android.preference.TwoStatePreference,PREFERENCE,false,false
17,android.preference.TwoStatePreference,android.preference.Preference,PREFERENCE,true,false
17,android.view.ActionMode,,CONTROLLER,true,false
17,android.view.SurfaceView,android.view.View,VIEW,false,false
17,android.view.TextureView,android.view.View,VIEW,false,false
17,android.view.View,,VIEW,false,false
17,android.view.ViewGroup,android.view.View,VIEW,true,false
17,android.view.ViewStub,android.view.View,VIEW,false,false
17,android.webkit.WebView,android.widget.AbsoluteLayout,VIEW,false,false
17,android.widget.AbsListView,android.widget.AdapterView,VIEW,true,false
17,android.widget.AbsSeekBar,android.widget.ProgressBar,VIEW,true,false
17,android.widget.AbsSpinner,android.widget.AdapterView,VIEW,true,false
17,android.widget.AbsoluteLayout,android.view.ViewGroup,VIEW,false,true
17,android.widget.AdapterView,android.view.ViewGroup,VIEW,true,false
17,android.widget.AdapterViewAnimator,android.widget.AdapterView,VIEW,true,false
17,android.widget.AdapterViewFlipper,android.widget.AdapterViewAnimator,VIEW,false,false
17,android.widget.AnalogClock,android.view.View,VIEW,false,false
17,android.widget.AutoCompleteTextView,android.widget.EditText,VIEW,false,false
17,android.widget.Button,android.widget.TextView,VIEW,false,false
17,android.widget.CalendarView,android.widget.FrameLayout,VIEW,false,false
17,android.widget.CheckBox,android.widget.CompoundButton,VIEW,false,false
17,android.widget.CheckedTextView,android.widget.TextView,VIEW,false,false
17,android.widget.Chronometer,android.widget.TextView,VIEW,false,false
17,android.widget.CompoundButton,android.widget.Button,VIEW,true,false
17,android.widget.DatePicker,android.widget.FrameLayout,VIEW,false,false
17,android.widget.DialerFilter,android.widget.RelativeLayout,VIEW,false,false
17,android.widget.DigitalClock,android.widget.TextView,VIEW,false,true
17,android.widget.EdgeEffect,,CONTROLLER,false,false
17,android.widget.EditText,android.widget.TextView,VIEW,false,false
17,android.widget.ExpandableListView,android.widget.ListView,VIEW,false,false
17,android.widget.FrameLayout,android.view.ViewGroup,VIEW,false,false
17,android.widget.Gallery,android.widget.AbsSpinner,VIEW,false,true
17,android.widget.GridLayout,android.view.ViewGroup,VIEW,false,false
17,android.widget.GridView,android.widget.AbsListView,VIEW,false,false
17,android.widget.HorizontalScrollView,android.widget.FrameLayout,VIEW,false,false
17,android.widget.ImageButton,android.widget.ImageView,VIEW,false,false
17,android.widget.ImageSwitcher,android.widget.ViewSwitcher,VIEW,false,false
17,android.widget.ImageView,android.view.View,VIEW,false,false
17,android.widget.LinearLayout,android.view.ViewGroup,VIEW,false,false
17,android.widget.ListView,android.widget.AbsListView,VIEW,false,false
17,android.widget.MediaController,android.widget.FrameLayout,VIEW,false,false
17,android.widget.MultiAutoCompleteTextView,android.widget.AutoCompleteTextView,VIEW,false,false
17,android.widget.NumberPicker,android.widget.LinearLayout,VIEW,false,false
17,android.widget.PopupMenu,,POPUP,false,false
17,android.widget.PopupWindow,,POPUP,false,false
17,android.widget.ProgressBar,android.view.View,VIEW,false,false
17,android.widget.QuickContactBadge,android.widget.ImageView,VIEW,false,false
17,android.widget.RadioButton,android.widget.CompoundButton,VIEW,false,false
17,android.widget.RadioGroup,android.widget.LinearLayout,VIEW,false,false
17,android.widget.RatingBar,android.widget.AbsSeekBar,VIEW,false,false
17,android.widget.RelativeLayout,android.view.ViewGroup,VIEW,false,false
17,android.widget.ScrollView,android.widget.FrameLayout,VIEW,false,false
17,android.widget.SearchView,android.widget.LinearLayout,VIEW,false,false
17,android.widget.SeekBar,android.widget.AbsSeekBar,VIEW,false,false
17,android.widget.SlidingDrawer,android.view.ViewGroup,VIEW,false,true
17,android.widget.Space,android.view.View,VIEW,false,false
17,android.widget.Spinner,android.widget.AbsSpinner,VIEW,false,false
17,android.widget.StackView,android.widget.AdapterViewAnimator,VIEW,false,false
17,android.widget.Switch,android.widget.CompoundButton,VIEW,false,false
17,android.widget.TabHost,android.widget.FrameLayout,VIEW,false,false
17,android.widget.TabWidget,android.widget.LinearLayout,VIEW,false,false
17,android.widget.TableLayout,android.widget.LinearLayout,VIEW,false,false
17,android.widget.TableRow,android.widget.LinearLayout,VIEW,false,false
17,android.widget.TextClock,android.widget.TextView,VIEW,false,false
17,android.widget.TextSwitcher,android.widget.ViewSwitcher,VIEW,false,false
17,android.widget.TextView,android.view.View,VIEW,false,false
17,android.widget.TimePicker,android.widget.FrameLayout,VIEW,false,false
17,android.widget.Toast,,POPUP,false,false
17,android.widget.ToggleButton,android.widget.CompoundButton,VIEW,false,false
17,android.widget.TwoLineListItem,android.widget.RelativeLayout,VIEW,false,true
17,android.widget.VideoView,android.view.SurfaceView,VIEW,false,false
17,android.widget.ViewAnimator,android.widget.FrameLayout,VIEW,false,false
17,android.widget.ViewFlipper,android.widget.ViewAnimator,VIEW,false,false
17,android.widget.ViewSwitcher,android.widget.ViewAnimator,VIEW,false,false
17,android.widget.ZoomButton,android.widget.ImageButton,VIEW,false,false
17,android.widget.ZoomButtonsController,,CONTROLLER,false,false
17,android.widget.ZoomControls,android.widget.LinearLayout,VIEW,false,false
18,android.app.ActionBar,,CONTROLLER,true,false
18,android.app.AlertDialog,android.app.Dialog,DIALOG,false,false
18,android.app.DatePickerDialog,android.app.AlertDialog,DIALOG,false,false
18,android.app.Dialog,,DIALOG,false,false
18,android.app.FragmentBreadCrumbs,android.view.ViewGroup,VIEW,false,false
18,android.app.MediaRouteButton,android.view.View,VIEW,false,false
18,android.app.Presentation,android.app.Dialog,DIALOG,false,false
18,android.app.ProgressDialog,android.app.AlertDialog,DIALOG,false,false
18,android.app.TimePickerDialog,android.app.AlertDialog,DIALOG,false,false
18,android.gesture.GestureOverlayView,android.widget.FrameLayout,VIEW,false,false
18,android.preference.CheckBoxPreference,android.preference.TwoStatePreference,PREFERENCE,false,false
18,android.preference.DialogPreference,android.preference.Preference,PREFERENCE,true,false
18,android.preference.EditTextPreference,android.preference.DialogPreference,PREFERENCE,false,false
18,android.preference.ListPreference,android.preference.DialogPreference,PREFERENCE,false,false
18,android.preference.MultiSelectListPreference,android.preference.DialogPreference,PREFERENCE,false,false
18,android.preference.Preference,,PREFERENCE,false,false
18,android.preference.PreferenceCategory,android.preference.PreferenceGroup,PREFERENCE,false,false
18,android.preference.PreferenceGroup,android.preference.Preference,PREFERENCE,true,false
18,android.preference.PreferenceScreen,android.preference.PreferenceGroup,PREFERENCE,false,false
18,android.preference.RingtonePreference,android.preference.Preference,PREFERENCE,false,false
18,android.preference.SwitchPreference,android.preference.TwoStatePreference,PREFERENCE,false,false
18,android.preference.TwoStatePreference,android.preference.Preference,PREFERENCE,true,false
18,android.view.ActionMode,,CONTROLLER,true,false
18,android.view.SurfaceView,android.view.View,VIEW,false,false
18,android.view.TextureView,android.view.View,VIEW,false,false
18,android.view.View,,VIEW,false,false
18,android.view.ViewGroup,android.view.View,VIEW,true,false
18,android.view.ViewStub,android.view.View,VIEW,false,false
18,android.webkit.WebView,android.widget.AbsoluteLayout,VIEW,false,false
18,android.widget.AbsListView,android.widget.AdapterView,VIEW,true,false
18,android.widget.AbsSeekBar,android.widget.ProgressBar,VIEW,true,false
18,android.widget.AbsSpinner,android.widget.AdapterView,VIEW,true,false
18,android.widget.AbsoluteLayout,android.view.ViewGroup,VIEW,false,true
18,android.widget.AdapterView,android.view.ViewGroup,VIEW,true,false
18,android.widget.AdapterViewAnimator,android.widget.AdapterView,VIEW,true,false
18,android.widget.AdapterViewFlipper,android.widget.AdapterViewAnimator,VIEW,false,false
18,android.widget.AnalogClock,android.view.View,VIEW,false,false
18,android.widget.AutoCompleteTextView,android.widget.EditText,VIEW,false,false
18,android.widget.Button,android.widget.TextView,VIEW,false,false
18,android.widget.CalendarView,android.widget.FrameLayout,VIEW,false,false
18,android.widget.CheckBox,android.widget.CompoundButton,VIEW,false,false
18,android.widget.CheckedTextView,android.widget.TextView,VIEW,false,false
18,android.widget.Chronometer,android.widget.TextView,VIEW,false,false
18,android.widget.CompoundButton,android.widget.Button,VIEW,true,false
18,android.widget.DatePicker,android.widget.FrameLayout,VIEW,false,false
18,android.widget.DialerFilter,android.widget.RelativeLayout,VIEW,false,false
18,android.widget.DigitalClock,android.widget.TextView,VIEW,false,true
18,android.widget.EdgeEffect,,CONTROLLER,false,false
18,android.widget.EditText,android.widget.TextView,VIEW,false,false
18,android.widget.ExpandableListView,android.widget.ListView,VIEW,false,false
18,android.widget.FrameLayout,android.view.ViewGroup,VIEW,false,false
18,android.widget.Gallery,android.widget.AbsSpinner,VIEW,false,true
18,android.widget.GridLayout,android.view.ViewGroup,VIEW,false,false
18,android.widget.GridView,android.widget.AbsListView,VIEW,false,false
18,android.widget.HorizontalScrollView,android.widget.FrameLayout,VIEW,false,false
18,android.widget.ImageButton,android.widget.ImageView,VIEW,false,false
18,android.widget.ImageSwitcher,android.widget.ViewSwitcher,VIEW,false,false
18,android.widget.ImageView,android.view.View,VIEW,false,false
18,android.widget.LinearLayout,android.view.ViewGroup,VIEW,false,false
18,android.widget.ListView,android.widget.AbsListView,VIEW,false,false
18,android.widget.MediaController,android.widget.FrameLayout,VIEW,false,false
18,android.widget.MultiAutoCompleteTextView,android.widget.AutoCompleteTextView,VIEW,false,false
18,android.widget.NumberPicker,android.widget.LinearLayout,VIEW,false,false
18,android.widget.PopupMenu,,POPUP,false,false
18,android.widget.PopupWindow,,POPUP,false,false
18,android.widget.ProgressBar,android.view.View,VIEW,false,false
18,android.widget.QuickContactBadge,android.widget.ImageView,VIEW,false,false
18,android.widget.RadioButton,android.widget.CompoundButton,VIEW,false,false
18,android.widget.RadioGroup,android.widget.LinearLayout,VIEW,false,false
18,android.widget.RatingBar,android.widget.AbsSeekBar,VIEW,false,false
18,android.widget.RelativeLayout,android.view.ViewGroup,VIEW,false,false
18,android.widget.ScrollView,android.widget.FrameLayout,VIEW,false,false
18,android.widget.SearchView,android.widget.LinearLayout,VIEW,false,false
18,android.widget.SeekBar,android.widget.AbsSeekBar,VIEW,false,false
18,android.widget.SlidingDrawer,android.view.ViewGroup,VIEW,false,true
18,android.widget.Space,android.view.View,VIEW,false,false
18,android.widget.Spinner,android.widget.AbsSpinner,VIEW,false,false
18,android.widget.StackView,android.widget.AdapterViewAnimator,VIEW,false,false
18,android.widget.Switch,android.widget.CompoundButton,VIEW,false,false
18,android.widget.TabHost,android.widget.FrameLayout,VIEW,false,false
18,android.widget.TabWidget,android.widget.LinearLayout,VIEW,false,false
18,android.widget.TableLayout,android.widget.LinearLayout,VIEW,false,false
18,android.widget.TableRow,android.widget.LinearLayout,VIEW,false,false
18,android.widget.TextClock,android.widget.TextView,VIEW,false,false
18,android.widget.TextSwitcher,android.widget.ViewSwitcher,VIEW,false,false
18,android.widget.TextView,android.view.View,VIEW,false,false
18,android.widget.TimePicker,android.widget.FrameLayout,VIEW,false,false
18,android.widget.Toast,,POPUP,false,false
18,android.widget.ToggleButton,android.widget.CompoundButton,VIEW,false,false
18,android.widget.TwoLineListItem,android.widget.RelativeLayout,VIEW,false,true
18,android.widget.VideoView,android.view.SurfaceView,VIEW,false,false
18,android.widget.ViewAnimator,android.widget.FrameLayout,VIEW,false,false
18,android.widget.ViewFlipper,android.widget.ViewAnimator,VIEW,false,false
18,android.widget.ViewSwitcher,android.widget.ViewAnimator,VIEW,false,false
18,android.widget.ZoomButton,android.widget.ImageButton,VIEW,false,false
18,android.widget.ZoomButtonsController,,CONTROLLER,false,false
18,android.widget.ZoomControls,android.widget.LinearLayout,VIEW,false,false
19,android.app.ActionBar,,CONTROLLER,true,false
19,android.app.AlertDialog,android.app.Dialog,DIALOG,false,false
19,android.app.DatePickerDialog,android.app.AlertDialog,DIALOG,false,false
19,android.app.Dialog,,DIALOG,false,false
19,android.app.FragmentBreadCrumbs,android.view.ViewGroup,VIEW,false,false
19,android.app.MediaRouteButton,android.view.View,VIEW,false,false
19,android.app.Presentation,android.app.Dialog,DIALOG,false,false
19,android.app.ProgressDialog,android.app.AlertDialog,DIALOG,false,false
19,android.app.TimePickerDialog,android.app.AlertDialog,DIALOG,false,false
19,android.gesture.GestureOverlayView,android.widget.FrameLayout,VIEW,false,false
19,android.preference.CheckBoxPreference,android.preference.TwoStatePreference,PREFERENCE,false,false
19,android.preference.DialogPreference,android.preference.Preference,PREFERENCE,true,false
19,android.preference.EditTextPreference,android.preference.DialogPreference,PREFERENCE,false,false
19,android.preference.ListPreference,android.preference.DialogPreference,PREFERENCE,false,false
19,android.preference.MultiSelectListPreference,android.preference.DialogPreference,PREFERENCE,false,false
19,android.preference.Preference,,PREFERENCE,false,false
19,android.preference.PreferenceCategory,android.preference.PreferenceGroup,PREFERENCE,false,false
19,android.preference.PreferenceGroup,android.preference.Preference,PREFERENCE,true,false
19,android.preference.PreferenceScreen,android.preference.PreferenceGroup,PREFERENCE,false,false
19,android.preference.RingtonePreference,android.preference.Preference,PREFERENCE,false,false
19,android.preference.SwitchPreference,android.preference.TwoStatePreference,PREFERENCE,false,false
19,android.preference.TwoStatePreference,android.preference.Preference,PREFERENCE,true,false
19,android.view.ActionMode,,CONTROLLER,true,false
19,android.view.SurfaceView,android.view.View,VIEW,false,false
19,android.view.TextureView,android.view.View,VIEW,false,false
19,android.view.View,,VIEW,false,false
19,android.view.ViewGroup,android.view.View,VIEW,true,false
19,android.view.ViewStub,android.view.View,VIEW,false,false
19,android.webkit.WebView,android.widget.AbsoluteLayout,VIEW,false,false
19,android.widget.AbsListView,android.widget.AdapterView,VIEW,true,false
19,android.widget.AbsSeekBar,android.widget.ProgressBar,VIEW,true,false
19,android.widget.AbsSpinner,android.widget.AdapterView,VIEW,true,false
19,android.widget.AbsoluteLayout,android.view.ViewGroup,VIEW,false,true
19,android.widget.AdapterView,android.view.ViewGroup,VIEW,true,false
19,android.widget.AdapterViewAnimator,android.widget.AdapterView,VIEW,true,false
19,android.widget.AdapterViewFlipper,android.widget.AdapterViewAnimator,VIEW,false,false
19,android.widget.AnalogClock,android.view.View,VIEW,false,false
19,android.widget.AutoCompleteTextView,android.widget.EditText,VIEW,false,false
19,android.widget.Button,android.widget.TextView,VIEW,false,false
19,android.widget.CalendarView,android.widget.FrameLayout,VIEW,false,false
19,android.widget.CheckBox,android.widget.CompoundButton,VIEW,false,false
19,android.widget.CheckedTextView,android.widget.TextView,VIEW,false,false
19,android.widget.Chronometer,android.widget.TextView,VIEW,false,false
19,android.widget.CompoundButton,android.widget.Button,VIEW,true,false
19,android.widget.DatePicker,android.widget.FrameLayout,VIEW,false,false
19,android.widget.DialerFilter,android.widget.RelativeLayout,VIEW,false,false
19,android.widget.DigitalClock,android.widget.TextView,VIEW,false,true
19,android.widget.EdgeEffect,,CONTROLLER,false,false
19,android.widget.EditText,android.widget.TextView,VIEW,false,false
19,android.widget.ExpandableListView,android.widget.ListView,VIEW,false,false
19,android.widget.FrameLayout,android.view.ViewGroup,VIEW,false,false
19,android.widget.Gallery,android.widget.AbsSpinner,VIEW,false,true
19,android.widget.GridLayout,android.view.ViewGroup,VIEW,false,false
19,android.widget.GridView,android.widget.AbsListView,VIEW,false,false
19,android.widget.HorizontalScrollView,android.widget.FrameLayout,VIEW,false,false
19,android.widget.ImageButton,android.widget.ImageView,VIEW,false,false
19,android.widget.ImageSwitcher,android.widget.ViewSwitcher,VIEW,false,false
19,android.widget.ImageView,android.view.View,VIEW,false,false
19,android.widget.LinearLayout,android.view.ViewGroup,VIEW,false,false
19,android.widget.ListView,android.widget.AbsListView,VIEW,false,false
19,android.widget.MediaController,android.widget.FrameLayout,VIEW,false,false
19,android.widget.MultiAutoCompleteTextView,android.widget.AutoCompleteTextView,VIEW,false,false
19,android.widget.NumberPicker,android.widget.LinearLayout,VIEW,false,false
19,android.widget.PopupMenu,,POPUP,false,false
19,android.widget.PopupWindow,,POPUP,false,false
19,android.widget.ProgressBar,android.view.View,VIEW,false,false
19,android.widget.QuickContactBadge,android.widget.ImageView,VIEW,false,false
19,android.widget.RadioButton,android.widget.CompoundButton,VIEW,false,false
19,android.widget.RadioGroup,android.widget.LinearLayout,VIEW,false,false
19,android.widget.RatingBar,android.widget.AbsSeekBar,VIEW,false,false
19,android.widget.RelativeLayout,android.view.ViewGroup,VIEW,false,false
19,android.widget.ScrollView,android.widget.FrameLayout,VIEW,false,false
19,android.widget.SearchView,android.widget.LinearLayout,VIEW,false,false
19,android.widget.SeekBar,android.widget.AbsSeekBar,VIEW,false,false
19,android.widget.SlidingDrawer,android.view.ViewGroup,VIEW,false,true
19,android.widget.Space,android.view.View,VIEW,false,false
19,android.widget.Spinner,android.widget.AbsSpinner,VIEW,false,false
19,android.widget.StackView,android.widget.AdapterViewAnimator,VIEW,false,false
19,android.widget.Switch,android.widget.CompoundButton,VIEW,false,false
19,android.widget.TabHost,android.widget.FrameLayout,VIEW,false,false
19,android.widget.TabWidget,android.widget.LinearLayout,VIEW,false,false
19,android.widget.TableLayout,android.widget.LinearLayout,VIEW,false,false
19,android.widget.TableRow,android.widget.LinearLayout,VIEW,false,false
19,android.widget.TextClock,android.widget.TextView,VIEW,false,false
19,android.widget.TextSwitcher,android.widget.ViewSwitcher,VIEW,false,false
19,android.widget.TextView,android.view.View,VIEW,false,false
19,android.widget.TimePicker,android.widget.FrameLayout,VIEW,false,false
19,android.widget.Toast,,POPUP,false,false
19,android.widget.ToggleButton,android.widget.CompoundButton,VIEW,false,false
19,android.widget.TwoLineListItem,android.widget.RelativeLayout,VIEW,false,true
19,android.widget.VideoView,android.view.SurfaceView,VIEW,false,false
19,android.widget.ViewAnimator,android.widget.FrameLayout,VIEW,false,false
19,android.widget.ViewFlipper,android.widget.ViewAnimator,VIEW,false,false
19,android.widget.ViewSwitcher,android.widget.ViewAnimator,VIEW,false,false
19,android.widget.ZoomButton,android.widget.ImageButton,VIEW,false,false
19,android.widget.ZoomButtonsController,,CONTROLLER,false,false
19,android.widget.ZoomControls,android.widget.LinearLayout,VIEW,false,false
20,android.app.ActionBar,,CONTROLLER,true,false
20,android.app.AlertDialog,android.app.Dialog,DIALOG,false,false
20,android.app.DatePickerDialog,android.app.AlertDialog,DIALOG,false,false
20,android.app.Dialog,,DIALOG,false,false
20,android.app.FragmentBreadCrumbs,android.view.ViewGroup,VIEW,false,false
20,android.app.MediaRouteButton,android.view.View,VIEW,false,false
20,android.app.Presentation,android.app.Dialog,DIALOG,false,false
20,android.app.ProgressDialog,android.app.AlertDialog,DIALOG,false,false
20,android.app.TimePickerDialog,android.app.AlertDialog,DIALOG,false,false
20,android.gesture.GestureOverlayView,android.widget.FrameLayout,VIEW,false,false
20,android.preference.CheckBoxPreference,android.preference.TwoStatePreference,PREFERENCE,false,false
20,android.preference.DialogPreference,android.preference.Preference,PREFERENCE,true,false
20,android.preference.EditTextPreference,android.preference.DialogPreference,PREFERENCE,false,false
20,android.preference.ListPreference,android.preference.DialogPreference,PREFERENCE,false,false
20,android.preference.MultiSelectListPreference,android.preference.DialogPreference,PREFERENCE,false,false
20,android.preference.Preference,,PREFERENCE,false,false
20,android.preference.PreferenceCategory,android.preference.PreferenceGroup,PREFERENCE,false,false
20,android.preference.PreferenceGroup,android.preference.Preference,PREFERENCE,true,false
20,android.preference.PreferenceScreen,android.preference.PreferenceGroup,PREFERENCE,false,false
20,android.preference.RingtonePreference,android.preference.Preference,PREFERENCE,false,false
20,android.preference.SwitchPreference,android.preference.TwoStatePreference,PREFERENCE,false,false
20,android.preference.TwoStatePreference,android.preference.Preference,PREFERENCE,true,false
20,android.view.ActionMode,,CONTROLLER,true,false
20,android.view.SurfaceView,android.view.View,VIEW,false,false
20,android.view.TextureView,android.view.View,VIEW,false,false
20,android.view.View,,VIEW,false,false
20,android.view.ViewGroup,android.view.View,VIEW,true,false
20,android.view.ViewStub,android.view.View,VIEW,false,false
20,android.webkit.WebView,android.widget.AbsoluteLayout,VIEW,false,false
20,android.widget.AbsListView,android.widget.AdapterView,VIEW,true,false
20,android.widget.AbsSeekBar,android.widget.ProgressBar,VIEW,true,false
20,android.widget.AbsSpinner,android.widget.AdapterView,VIEW,true,false
20,android.widget.AbsoluteLayout,android.view.ViewGroup,VIEW,false,true
20,android.widget.AdapterView,android.view.ViewGroup,VIEW,true,false
20,android.widget.AdapterViewAnimator,android.widget.AdapterView,VIEW,true,false
20,android.widget.AdapterViewFlipper,android.widget.AdapterViewAnimator,VIEW,false,false
20,android.widget.AnalogClock,android.view.View,VIEW,false,false
20,android.widget.AutoCompleteTextView,android.widget.EditText,VIEW,false,false
20,android.widget.Button,android.widget.TextView,VIEW,false,false
20,android.widget.CalendarView,android.widget.FrameLayout,VIEW,false,false
20,android.widget.CheckBox,android.widget.CompoundButton,VIEW,false,false
20,android.widget.CheckedTextView,android.widget.TextView,VIEW,false,false
20,android.widget.Chronometer,android.widget.TextView,VIEW,false,false
20,android.widget.CompoundButton,android.widget.Button,VIEW,true,false
20,android.widget.DatePicker,android.widget.FrameLayout,VIEW,false,false
20,android.widget.DialerFilter,android.widget.RelativeLayout,VIEW,false,false
20,android.widget.DigitalClock,android.widget.TextView,VIEW,false,true
20,android.widget.EdgeEffect,,CONTROLLER,false,false
20,android.widget.EditText,android.widget.TextView,VIEW,false,false
20,android.widget.ExpandableListView,android.widget.ListView,VIEW,false,false
20,android.widget.FrameLayout,android.view.ViewGroup,VIEW,false,false
20,android.widget.Gallery,android.widget.AbsSpinner,VIEW,false,true
20,android.widget.GridLayout,android.view.ViewGroup,VIEW,false,false
20,android.widget.GridView,android.widget.AbsListView,VIEW,false,false
20,android.widget.HorizontalScrollView,android.widget.FrameLayout,VIEW,false,false
20,android.widget.ImageButton,android.widget.ImageView,VIEW,false,false
20,android.widget.ImageSwitcher,android.widget.ViewSwitcher,VIEW,false,false
20,android.widget.ImageView,android.view.View,VIEW,false,false
20,android.widget.LinearLayout,android.view.ViewGroup,VIEW,false,false
20,android.widget.ListView,android.widget.AbsListView,VIEW,false,false
20,android.widget.MediaController,android.widget.FrameLayout,VIEW,false,false
20,android.widget.MultiAutoCompleteTextView,android.widget.AutoCompleteTextView,VIEW,false,false
20,android.widget.NumberPicker,android.widget.LinearLayout,VIEW,false,false
20,android.widget.PopupMenu,,POPUP,false,false
20,android.widget.PopupWindow,,POPUP,false,false
20,android.widget.ProgressBar,android.view.View,VIEW,false,false
20,android.widget.QuickContactBadge,android.widget.ImageView,VIEW,false,false
20,android.widget.RadioButton,android.widget.CompoundButton,VIEW,false,false
20,android.widget.RadioGroup,android.widget.LinearLayout,VIEW,false,false
20,android.widget.RatingBar,android.widget.AbsSeekBar,VIEW,false,false
20,android.widget.RelativeLayout,android.view.ViewGroup,VIEW,false,false
20,android.widget.ScrollView,android.widget.FrameLayout,VIEW,false,false
20,android.widget.SearchView,android.widget.LinearLayout,VIEW,false,false
20,android.widget.SeekBar,android.widget.AbsSeekBar,VIEW,false,false
20,android.widget.SlidingDrawer,android.view.ViewGroup,VIEW,false,true
20,android.widget.Space,android.view.View,VIEW,false,false
20,android.widget.Spinner,android.widget.AbsSpinner,VIEW,false,false
20,android.widget.StackView,android.widget.AdapterViewAnimator,VIEW,false,false
20,android.widget.Switch,android.widget.CompoundButton,VIEW,false,false
20,android.widget.TabHost,android.widget.FrameLayout,VIEW,false,false
20,android.widget.TabWidget,android.widget.LinearLayout,VIEW,false,false
20,android.widget.TableLayout,android.widget.LinearLayout,VIEW,false,false
20,android.widget.TableRow,android.widget.LinearLayout,VIEW,false,false
20,android.widget.TextClock,android.widget.TextView,VIEW,false,false
20,android.widget.TextSwitcher,android.widget.ViewSwitcher,VIEW,false,false
20,android.widget.TextView,android.view.View,VIEW,false,false
20,android.widget.TimePicker,android.widget.FrameLayout,VIEW,false,false
20,android.widget.Toast,,POPUP,false,false
20,android.widget.ToggleButton,android.widget.CompoundButton,VIEW,false,false
20,android.widget.TwoLineListItem,android.widget.RelativeLayout,VIEW,false,true
20,android.widget.VideoView,android.view.SurfaceView,VIEW,false,false
20,android.widget.ViewAnimator,android.widget.FrameLayout,VIEW,false,false
20,android.widget.ViewFlipper,android.widget.ViewAnimator,VIEW,false,false
20,android.widget.ViewSwitcher,android.widget.ViewAnimator,VIEW,false,false
20,android.widget.ZoomButton,android.widget.ImageButton,VIEW,false,false
20,android.widget.ZoomButtonsController,,CONTROLLER,false,false
20,android.widget.ZoomControls,android.widget.LinearLayout,VIEW,false,false
21,android.app.ActionBar,,CONTROLLER,true,false
21,android.app.AlertDialog,android.app.Dialog,DIALOG,false,false
21,android.app.DatePickerDialog,android.app.AlertDialog,DIALOG,false,false
21,android.app.Dialog,,DIALOG,false,false
21,android.app.FragmentBreadCrumbs,android.view.ViewGroup,VIEW,false,true
21,android.app.MediaRouteButton,android.view.View,VIEW,false,false
21,android.app.Presentation,android.app.Dialog,DIALOG,false,false
21,android.app.ProgressDialog,android.app.AlertDialog,DIALOG,false,false
21,android.app.TimePickerDialog,android.app.AlertDialog,DIALOG,false,false
21,android.gesture.GestureOverlayView,android.widget.FrameLayout,VIEW,false,false
21,android.preference.CheckBoxPreference,android.preference.TwoStatePreference,PREFERENCE,false,false
21,android.preference.DialogPreference,android.preference.Preference,PREFERENCE,true,false
21,android.preference.EditTextPreference,android.preference.DialogPreference,PREFERENCE,false,false
21,android.preference.ListPreference,android.preference.DialogPreference,PREFERENCE,false,false
21,android.preference.MultiSelectListPreference,android.preference.DialogPreference,PREFERENCE,false,false
21,android.preference.Preference,,PREFERENCE,false,false
21,android.preference.PreferenceCategory,android.preference.PreferenceGroup,PREFERENCE,false,false
21,android.preference.PreferenceGroup,android.preference.Preference,PREFERENCE,true,false
21,android.preference.PreferenceScreen,android.preference.PreferenceGroup,PREFERENCE,false,false
21,android.preference.RingtonePreference,android.preference.Preference,PREFERENCE,false,false
21,android.preference.SwitchPreference,android.preference.TwoStatePreference,PREFERENCE,false,false
21,android.preference.TwoStatePreference,android.preference.Preference,PREFERENCE,true,false
21,android.view.ActionMode,,CONTROLLER,true,false
21,android.view.SurfaceView,android.view.View,VIEW,false,false
21,android.view.TextureView,android.view.View,VIEW,false,false
21,android.view.View,,VIEW,false,false
21,android.view.ViewGroup,android.view.View,VIEW,true,false
21,android.view.ViewStub,android.view.View,VIEW,false,false
21,android.webkit.WebView,android.widget.AbsoluteLayout,VIEW,false,false
21,android.widget.AbsListView,android.widget.AdapterView,VIEW,true,false
21,android.widget.AbsSeekBar,android.widget.ProgressBar,VIEW,true,false
21,android.widget.AbsSpinner,android.widget.AdapterView,VIEW,true,false
21,android.widget.AbsoluteLayout,android.view.ViewGroup,VIEW,false,true
21,android.widget.ActionMenuView,android.widget.LinearLayout,VIEW,false,false
21,android.widget.AdapterView,android.view.ViewGroup,VIEW,true,false
21,android.widget.AdapterViewAnimator,android.widget.AdapterView,VIEW,true,false
21,android.widget.AdapterViewFlipper,android.widget.AdapterViewAnimator,VIEW,false,false
21,android.widget.AnalogClock,android.view.View,VIEW,false,false
21,android.widget.AutoCompleteTextView,android.widget.EditText,VIEW,false,false
21,android.widget.Button,android.widget.TextView,VIEW,false,false
21,android.widget.CalendarView,android.widget.FrameLayout,VIEW,false,false
21,android.widget.CheckBox,android.widget.CompoundButton,VIEW,false,false
21,android.widget.CheckedTextView,android.widget.TextView,VIEW,false,false
21,android.widget.Chronometer,android.widget.TextView,VIEW,false,false
21,android.widget.CompoundButton,android.widget.Button,VIEW,true,false
21,android.widget.DatePicker,android.widget.FrameLayout,VIEW,false,false
21,android.widget.DialerFilter,android.widget.RelativeLayout,VIEW,false,false
21,android.widget.DigitalClock,android.widget.TextView,VIEW,false,true
21,android.widget.EdgeEffect,,CONTROLLER,false,false
21,android.widget.EditText,android.widget.TextView,VIEW,false,false
21,android.widget.ExpandableListView,android.widget.ListView,VIEW,false,false
21,android.widget.FrameLayout,android.view.ViewGroup,VIEW,false,false
21,android.widget.Gallery,android.widget.AbsSpinner,VIEW,false,true
21,android.widget.GridLayout,android.view.ViewGroup,VIEW,false,false
21,android.widget.GridView,android.widget.AbsListView,VIEW,false,false
21,android.widget.HorizontalScrollView,android.widget.FrameLayout,VIEW,false,false
21,android.widget.ImageButton,android.widget.ImageView,VIEW,false,false
21,android.widget.ImageSwitcher,android.widget.ViewSwitcher,VIEW,false,false
21,android.widget.ImageView,android.view.View,VIEW,false,false
21,android.widget.LinearLayout,android.view.ViewGroup,VIEW,false,false
21,android.widget.ListView,android.widget.AbsListView,VIEW,false,false
21,android.widget.MediaController,android.widget.FrameLayout,VIEW,false,false
21,android.widget.MultiAutoCompleteTextView,android.widget.AutoCompleteTextView,VIEW,false,false
21,android.widget.NumberPicker,android.widget.LinearLayout,VIEW,false,false
21,android.widget.PopupMenu,,POPUP,false,false
21,android.widget.PopupWindow,,POPUP,false,false
21,android.widget.ProgressBar,android.view.View,VIEW,false,false
21,android.widget.QuickContactBadge,android.widget.ImageView,VIEW,false,false
21,android.widget.RadioButton,android.widget.CompoundButton,VIEW,false,false
21,android.widget.RadioGroup,android.widget.LinearLayout,VIEW,false,false
21,android.widget.RatingBar,android.widget.AbsSeekBar,VIEW,false,false
21,android.widget.RelativeLayout,android.view.ViewGroup,VIEW,false,false
21,android.widget.ScrollView,android.widget.FrameLayout,VIEW,false,false
21,android.widget.SearchView,android.widget.LinearLayout,VIEW,false,false
21,android.widget.SeekBar,android.widget.AbsSeekBar,VIEW,false,false
21,android.widget.SlidingDrawer,android.view.ViewGroup,VIEW,false,true
21,android.widget.Space,android.view.View,VIEW,false,false
21,android.widget.Spinner,android.widget.AbsSpinner,VIEW,false,false
21,android.widget.StackView,android.widget.AdapterViewAnimator,VIEW,false,false
21,android.widget.Switch,android.widget.CompoundButton,VIEW,false,false
21,android.widget.TabHost,android.widget.FrameLayout,VIEW,false,false
21,android.widget.TabWidget,android.widget.LinearLayout,VIEW,false,false
21,android.widget.TableLayout,android.widget.LinearLayout,VIEW,false,false
21,android.widget.TableRow,android.widget.LinearLayout,VIEW,false,false
21,android.widget.TextClock,android.widget.TextView,VIEW,false,false
21,android.widget.TextSwitcher,android.widget.ViewSwitcher,VIEW,false,false
21,android.widget.TextView,android.view.View,VIEW,false,false
21,android.widget.TimePicker,android.widget.FrameLayout,VIEW,false,false
21,android.widget.Toast,,POPUP,false,false
21,android.widget.ToggleButton,android.widget.CompoundButton,VIEW,false,false
21,android.widget.Toolbar,android.view.ViewGroup,VIEW,false,false
21,android.widget.TwoLineListItem,android.widget.RelativeLayout,VIEW,false,true
21,android.widget.VideoView,android.view.SurfaceView,VIEW,false,false
21,android.widget.ViewAnimator,android.widget.FrameLayout,VIEW,false,false
21,android.widget.ViewFlipper,android.widget.ViewAnimator,VIEW,false,false
21,android.widget.ViewSwitcher,android.widget.ViewAnimator,VIEW,false,false
21,android.widget.ZoomButton,android.widget.ImageButton,VIEW,false,false
21,android.widget.ZoomButtonsController,,CONTROLLER,false,false
21,android.widget.ZoomControls,android.widget.LinearLayout,VIEW,false,false
22,android.app.ActionBar,,CONTROLLER,true,false
22,android.app.AlertDialog,android.app.Dialog,DIALOG,false,false
22,android.app.DatePickerDialog,android.app.AlertDialog,DIALOG,false,false
22,android.app.Dialog,,DIALOG,false,false
22,android.app.FragmentBreadCrumbs,android.view.ViewGroup,VIEW,false,true
22,android.app.MediaRouteButton,android.view.View,VIEW,false,false
22,android.app.Presentation,android.app.Dialog,DIALOG,false,false
22,android.app.ProgressDialog,android.app.AlertDialog,DIALOG,false,false
22,android.app.TimePickerDialog,android.app.AlertDialog,DIALOG,false,false
22,android.gesture.GestureOverlayView,android.widget.FrameLayout,VIEW,false,false
22,android.preference.CheckBoxPreference,android.preference.TwoStatePreference,PREFERENCE,false,false
22,android.preference.DialogPreference,android.preference.Preference,PREFERENCE,true,false
22,android.preference.EditTextPreference,android.preference.DialogPreference,PREFERENCE,false,false
22,android.preference.ListPreference,android.preference.DialogPreference,PREFERENCE,false,false
22,android.preference.MultiSelectListPreference,android.preference.DialogPreference,PREFERENCE,false,false
22,android.preference.Preference,,PREFERENCE,false,false
22,android.preference.PreferenceCategory,android.preference.PreferenceGroup,PREFERENCE,false,false
22,android.preference.PreferenceGroup,android.preference.Preference,PREFERENCE,true,false
22,android.preference.PreferenceScreen,android.preference.PreferenceGroup,PREFERENCE,false,false
22,android.preference.RingtonePreference,android.preference.Preference,PREFERENCE,false,false
22,android.preference.SwitchPreference,android.preference.TwoStatePreference,PREFERENCE,false,false
22,android.preference.TwoStatePreference,android.preference.Preference,PREFERENCE,true,false
22,android.view.ActionMode,,CONTROLLER,true,false
22,android.view.SurfaceView,android.view.View,VIEW,false,false
22,android.view.TextureView,android.view.View,VIEW,false,false
22,android.view.View,,VIEW,false,false
22,android.view.ViewGroup,android.view.View,VIEW,true,false
22,android.view.ViewStub,android.view.View,VIEW,false,false
22,android.webkit.WebView,android.widget.AbsoluteLayout,VIEW,false,false
22,android.widget.AbsListView,android.widget.AdapterView,VIEW,true,false
22,android.widget.AbsSeekBar,android.widget.ProgressBar,VIEW,true,false
22,android.widget.AbsSpinner,android.widget.AdapterView,VIEW,true,false
22,android.widget.AbsoluteLayout,android.view.ViewGroup,VIEW,false,true
22,android.widget.ActionMenuView,android.widget.LinearLayout,VIEW,false,false
22,android.widget.AdapterView,android.view.ViewGroup,VIEW,true,false
22,android.widget.AdapterViewAnimator,android.widget.AdapterView,VIEW,true,false
22,android.widget.AdapterViewFlipper,android.widget.AdapterViewAnimator,VIEW,false,false
22,android.widget.AnalogClock,android.view.View,VIEW,false,false
22,android.widget.AutoCompleteTextView,android.widget.EditText,VIEW,false,false
22,android.widget.Button,android.widget.TextView,VIEW,false,false
22,android.widget.CalendarView,android.widget.FrameLayout,VIEW,false,false
22,android.widget.CheckBox,android.widget.CompoundButton,VIEW,false,false
22,android.widget.CheckedTextView,android.widget.TextView,VIEW,false,false
22,android.widget.Chronometer,android.widget.TextView,VIEW,false,false
22,android.widget.CompoundButton,android.widget.Button,VIEW,true,false
22,android.widget.DatePicker,android.widget.FrameLayout,VIEW,false,false
22,android.widget.DialerFilter,android.widget.RelativeLayout,VIEW,false,false
22,android.widget.DigitalClock,android.widget.TextView,VIEW,false,true
22,android.widget.EdgeEffect,,CONTROLLER,false,false
22,android.widget.EditText,android.widget.TextView,VIEW,false,false
22,android.widget.ExpandableListView,android.widget.ListView,VIEW,false,false
22,android.widget.FrameLayout,android.view.ViewGroup,VIEW,false,false
22,android.widget.Gallery,android.widget.AbsSpinner,VIEW,false,true
22,android.widget.GridLayout,android.view.ViewGroup,VIEW,false,false
22,android.widget.GridView,android.widget.AbsListView,VIEW,false,false
22,android.widget.HorizontalScrollView,android.widget.FrameLayout,VIEW,false,false
22,android.widget.ImageButton,android.widget.ImageView,VIEW,false,false
22,android.widget.ImageSwitcher,android.widget.ViewSwitcher,VIEW,false,false
22,android.widget.ImageView,android.view.View,VIEW,false,false
22,android.widget.LinearLayout,android.view.ViewGroup,VIEW,false,false
22,android.widget.ListView,android.widget.AbsListView,VIEW,false,false
22,android.widget.MediaController,android.widget.FrameLayout,VIEW,false,false
22,android.widget.MultiAutoCompleteTextView,android.widget.AutoCompleteTextView,VIEW,false,false
22,android.widget.NumberPicker,android.widget.LinearLayout,VIEW,false,false
22,android.widget.PopupMenu,,POPUP,false,false
22,android.widget.PopupWindow,,POPUP,false,false
22,android.widget.ProgressBar,android.view.View,VIEW,false,false
22,android.widget.QuickContactBadge,android.widget.ImageView,VIEW,false,false
22,android.widget.RadioButton,android.widget.CompoundButton,VIEW,false,false
22,android.widget.RadioGroup,android.widget.LinearLayout,VIEW,false,false
22,android.widget.RatingBar,android.widget.AbsSeekBar,VIEW,false,false
22,android.widget.RelativeLayout,android.view.ViewGroup,VIEW,false,false
22,android.widget.ScrollView,android.widget.FrameLayout,VIEW,false,false
22,android.widget.SearchView,android.widget.LinearLayout,VIEW,false,false
22,android.widget.SeekBar,android.widget.AbsSeekBar,VIEW,false,false
22,android.widget.SlidingDrawer,android.view.ViewGroup,VIEW,false,true
22,android.widget.Space,android.view.View,VIEW,false,false
22,android.widget.Spinner,android.widget.AbsSpinner,VIEW,false,false
22,android.widget.StackView,android.widget.AdapterViewAnimator,VIEW,false,false
22,android.widget.Switch,android.widget.CompoundButton,VIEW,false,false
22,android.widget.TabHost,android.widget.FrameLayout,VIEW,false,false
22,android.widget.TabWidget,android.widget.LinearLayout,VIEW,false,false
22,android.widget.TableLayout,android.widget.LinearLayout,VIEW,false,false
22,android.widget.TableRow,android.widget.LinearLayout,VIEW,false,false
22,android.widget.TextClock,android.widget.TextView,VIEW,false,false
22,android.widget.TextSwitcher,android.widget.ViewSwitcher,VIEW,false,false
22,android.widget.TextView,android.view.View,VIEW,false,false
22,android.widget.TimePicker,android.widget.FrameLayout,VIEW,false,false
22,android.widget.Toast,,POPUP,false,false
22,android.widget.ToggleButton,android.widget.CompoundButton,VIEW,false,false
22,android.widget.Toolbar,android.view.ViewGroup,VIEW,false,false
22,android.widget.TwoLineListItem,android.widget.RelativeLayout,VIEW,false,true
22,android.widget.VideoView,android.view.SurfaceView,VIEW,false,false
22,android.widget.ViewAnimator,android.widget.FrameLayout,VIEW,false,false
22,android.widget.ViewFlipper,android.widget.ViewAnimator,VIEW,false,false
22,android.widget.ViewSwitcher,android.widget.ViewAnimator,VIEW,false,false
22,android.widget.ZoomButton,android.widget.ImageButton,VIEW,false,false
22,android.widget.ZoomButtonsController,,CONTROLLER,false,false
22,android.widget.ZoomControls,android.widget.LinearLayout,VIEW,false,false
23,android.app.ActionBar,,CONTROLLER,true,false
23,android.app.AlertDialog,android.app.Dialog,DIALOG,false,false
23,android.app.DatePickerDialog,android.app.AlertDialog,DIALOG,false,false
23,android.app.Dialog,,DIALOG,false,false
23,android.app.FragmentBreadCrumbs,android.view.ViewGroup,VIEW,false,true
23,android.app.MediaRouteButton,android.view.View,VIEW,false,false
23,android.app.Presentation,android.app.Dialog,DIALOG,false,false
23,android.app.ProgressDialog,android.app.AlertDialog,DIALOG,false,false
23,android.app.TimePickerDialog,android.app.AlertDialog,DIALOG,false,false
23,android.gesture.GestureOverlayView,android.widget.FrameLayout,VIEW,false,false
23,android.preference.CheckBoxPreference,android.preference.TwoStatePreference,PREFERENCE,false,false
23,android.preference.DialogPreference,android.preference.Preference,PREFERENCE,true,false
23,android.preference.EditTextPreference,android.preference.DialogPreference,PREFERENCE,false,false
23,android.preference.ListPreference,android.preference.DialogPreference,PREFERENCE,false,false
23,android.preference.MultiSelectListPreference,android.preference.DialogPreference,PREFERENCE,false,false
23,android.preference.Preference,,PREFERENCE,false,false
23,android.preference.PreferenceCategory,android.preference.PreferenceGroup,PREFERENCE,false,false
23,android.preference.PreferenceGroup,android.preference.Preference,PREFERENCE,true,false
23,android.preference.PreferenceScreen,android.preference.PreferenceGroup,PREFERENCE,false,false
23,android.preference.RingtonePreference,android.preference.Preference,PREFERENCE,false,false
23,android.preference.SwitchPreference,android.preference.TwoStatePreference,PREFERENCE,false,false
23,android.preference.TwoStatePreference,android.preference.Preference,PREFERENCE,true,false
23,android.view.ActionMode,,CONTROLLER,true,false
23,android.view.SurfaceView,android.view.View,VIEW,false,false
23,android.view.TextureView,android.view.View,VIEW,false,false
23,android.view.View,,VIEW,false,false
23,android.view.ViewGroup,android.view.View,VIEW,true,false
23,android.view.ViewStub,android.view.View,VIEW,false,false
23,android.webkit.WebView,android.widget.AbsoluteLayout,VIEW,false,false
23,android.widget.AbsListView,android.widget.AdapterView,VIEW,true,false
23,android.widget.AbsSeekBar,android.widget.ProgressBar,VIEW,true,false
23,android.widget.AbsSpinner,android.widget.AdapterView,VIEW,true,false
23,android.widget.AbsoluteLayout,android.view.ViewGroup,VIEW,false,true
23,android.widget.ActionMenuView,android.widget.LinearLayout,VIEW,false,false
23,android.widget.AdapterView,android.view.ViewGroup,VIEW,true,false
23,android.widget.AdapterViewAnimator,android.widget.AdapterView,VIEW,true,false
23,android.widget.AdapterViewFlipper,android.widget.AdapterViewAnimator,VIEW,false,false
23,android.widget.AnalogClock,android.view.View,VIEW,false,true
23,android.widget.AutoCompleteTextView,android.widget.EditText,VIEW,false,false
23,android.widget.Button,android.widget.TextView,VIEW,false,false
23,android.widget.CalendarView,android.widget.FrameLayout,VIEW,false,false
23,android.widget.CheckBox,android.widget.CompoundButton,VIEW,false,false
23,android.widget.CheckedTextView,android.widget.TextView,VIEW,false,false
23,android.widget.Chronometer,android.widget.TextView,VIEW,false,false
23,android.widget.CompoundButton,android.widget.Button,VIEW,true,false
23,android.widget.DatePicker,android.widget.FrameLayout,VIEW,false,false
23,android.widget.DialerFilter,android.widget.RelativeLayout,VIEW,false,false
23,android.widget.DigitalClock,android.widget.TextView,VIEW,false,true
23,android.widget.EdgeEffect,,CONTROLLER,false,false
23,android.widget.EditText,android.widget.TextView,VIEW,false,false
23,android.widget.ExpandableListView,android.widget.ListView,VIEW,false,false
23,android.widget.FrameLayout,android.view.ViewGroup,VIEW,false,false
23,android.widget.Gallery,android.widget.AbsSpinner,VIEW,false,true
23,android.widget.GridLayout,android.view.ViewGroup,VIEW,false,false
23,android.widget.GridView,android.widget.AbsListView,VIEW,false,false
23,android.widget.HorizontalScrollView,android.widget.FrameLayout,VIEW,false,false
23,android.widget.ImageButton,android.widget.ImageView,VIEW,false,false
23,android.widget.ImageSwitcher,android.widget.ViewSwitcher,VIEW,false,false
23,android.widget.ImageView,android.view.View,VIEW,false,false
23,android.widget.LinearLayout,android.view.ViewGroup,VIEW,false,false
23,android.widget.ListView,android.widget.AbsListView,VIEW,false,false
23,android.widget.MediaController,android.widget.FrameLayout,VIEW,false,false
23,android.widget.MultiAutoCompleteTextView,android.widget.AutoCompleteTextView,VIEW,false,false
23,android.widget.NumberPicker,android.widget.LinearLayout,VIEW,false,false
23,android.widget.PopupMenu,,POPUP,false,false
23,android.widget.PopupWindow,,POPUP,false,false
23,android.widget.ProgressBar,android.view.View,VIEW,false,false
23,android.widget.QuickContactBadge,android.widget.ImageView,VIEW,false,false
23,android.widget.RadioButton,android.widget.CompoundButton,VIEW,false,false
23,android.widget.RadioGroup,android.widget.LinearLayout,VIEW,false,false
23,android.widget.RatingBar,android.widget.AbsSeekBar,VIEW,false,false
23,android.widget.RelativeLayout,android.view.ViewGroup,VIEW,false,false
23,android.widget.ScrollView,android.widget.FrameLayout,VIEW,false,false
23,android.widget.SearchView,android.widget.LinearLayout,VIEW,false,false
23,android.widget.SeekBar,android.widget.AbsSeekBar,VIEW,false,false
23,android.widget.SlidingDrawer,android.view.ViewGroup,VIEW,false,true
23,android.widget.Space,android.view.View,VIEW,false,false
23,android.widget.Spinner,android.widget.AbsSpinner,VIEW,false,false
23,android.widget.StackView,android.widget.AdapterViewAnimator,VIEW,false,false
23,android.widget.Switch,android.widget.CompoundButton,VIEW,false,false
23,android.widget.TabHost,android.widget.FrameLayout,VIEW,false,false
23,android.widget.TabWidget,android.widget.LinearLayout,VIEW,false,false
23,android.widget.TableLayout,android.widget.LinearLayout,VIEW,false,false
23,android.widget.TableRow,android.widget.LinearLayout,VIEW,false,false
23,android.widget.TextClock,android.widget.TextView,VIEW,false,false
23,android.widget.TextSwitcher,android.widget.ViewSwitcher,VIEW,false,false
23,android.widget.TextView,android.view.View,VIEW,false,false
23,android.widget.TimePicker,android.widget.FrameLayout,VIEW,false,false
23,android.widget.Toast,,POPUP,false,false
23,android.widget.ToggleButton,android.widget.CompoundButton,VIEW,false,false
23,android.widget.Toolbar,android.view.ViewGroup,VIEW,false,false
23,android.widget.TwoLineListItem,android.widget.RelativeLayout,VIEW,false,true
23,android.widget.VideoView,android.view.SurfaceView,VIEW,false,false
23,android.widget.ViewAnimator,android.widget.FrameLayout,VIEW,false,false
23,android.widget.ViewFlipper,android.widget.ViewAnimator,VIEW,false,false
23,android.widget.ViewSwitcher,android.widget.ViewAnimator,VIEW,false,false
23,android.widget.ZoomButton,android.widget.ImageButton,VIEW,false,false
23,android.widget.ZoomButtonsController,,CONTROLLER,false,false
23,android.widget.ZoomControls,android.widget.LinearLayout,VIEW,false,false
24,android.app.ActionBar,,CONTROLLER,true,false
24,android.app.AlertDialog,android.app.Dialog,DIALOG,false,false
24,android.app.DatePickerDialog,android.app.AlertDialog,DIALOG,false,false
24,android.app.Dialog,,DIALOG,false,false
24,android.app.FragmentBreadCrumbs,android.view.ViewGroup,VIEW,false,true
24,android.app.MediaRouteButton,android.view.View,VIEW,false,false
24,android.app.Presentation,android.app.Dialog,DIALOG,false,false
24,android.app.ProgressDialog,android.app.AlertDialog,DIALOG,false,false
24,android.app.TimePickerDialog,android.app.AlertDialog,DIALOG,false,false
24,android.gesture.GestureOverlayView,android.widget.FrameLayout,VIEW,false,false
24,android.preference.CheckBoxPreference,android.preference.TwoStatePreference,PREFERENCE,false,false
24,android.preference.DialogPreference,android.preference.Preference,PREFERENCE,true,false
24,android.preference.EditTextPreference,android.preference.DialogPreference,PREFERENCE,false,false
24,android.preference.ListPreference,android.preference.DialogPreference,PREFERENCE,false,false
24,android.preference.MultiSelectListPreference,android.preference.DialogPreference,PREFERENCE,false,false
24,android.preference.Preference,,PREFERENCE,false,false
24,android.preference.PreferenceCategory,android.preference.PreferenceGroup,PREFERENCE,false,false
24,android.preference.PreferenceGroup,android.preference.Preference,PREFERENCE,true,false
24,android.preference.PreferenceScreen,android.preference.PreferenceGroup,PREFERENCE,false,false
24,android.preference.RingtonePreference,android.preference.Preference,PREFERENCE,false,false
24,android.preference.SwitchPreference,android.preference.TwoStatePreference,PREFERENCE,false,false
24,android.preference.TwoStatePreference,android.preference.Preference,PREFERENCE,true,false
24,android.view.ActionMode,,CONTROLLER,true,false
24,android.view.SurfaceView,android.view.View,VIEW,false,false
24,android.view.TextureView,android.view.View,VIEW,false,false
24,android.view.View,,VIEW,false,false
24,android.view.ViewGroup,android.view.View,VIEW,true,false
24,android.view.ViewStub,android.view.View,VIEW,false,false
24,android.webkit.WebView,android.widget.AbsoluteLayout,VIEW,false,false
24,android.widget.AbsListView,android.widget.AdapterView,VIEW,true,false
24,android.widget.AbsSeekBar,android.widget.ProgressBar,VIEW,true,false
24,android.widget.AbsSpinner,android.widget.AdapterView,VIEW,true,false
24,android.widget.AbsoluteLayout,android.view.ViewGroup,VIEW,false,true
24,android.widget.ActionMenuView,android.widget.LinearLayout,VIEW,false,false
24,android.widget.AdapterView,android.view.ViewGroup,VIEW,true,false
24,android.widget.AdapterViewAnimator,android.widget.AdapterView,VIEW,true,false
24,android.widget.AdapterViewFlipper,android.widget.AdapterViewAnimator,VIEW,false,false
24,android.widget.AnalogClock,android.view.View,VIEW,false,true
24,android.widget.AutoCompleteTextView,android.widget.EditText,VIEW,false,false
24,android.widget.Button,android.widget.TextView,VIEW,false,false
24,android.widget.CalendarView,android.widget.FrameLayout,VIEW,false,false
24,android.widget.CheckBox,android.widget.CompoundButton,VIEW,false,false
24,android.widget.CheckedTextView,android.widget.TextView,VIEW,false,false
24,android.widget.Chronometer,android.widget.TextView,VIEW,false,false
24,android.widget.CompoundButton,android.widget.Button,VIEW,true,false
24,android.widget.DatePicker,android.widget.FrameLayout,VIEW,false,false
24,android.widget.DialerFilter,android.widget.RelativeLayout,VIEW,false,false
24,android.widget.DigitalClock,android.widget.TextView,VIEW,false,true
24,android.widget.EdgeEffect,,CONTROLLER,false,false
24,android.widget.EditText,android.widget.TextView,VIEW,false,false
24,android.widget.ExpandableListView,android.widget.ListView,VIEW,false,false
24,android.widget.FrameLayout,android.view.ViewGroup,VIEW,false,false
24,android.widget.Gallery,android.widget.AbsSpinner,VIEW,false,true
24,android.widget.GridLayout,android.view.ViewGroup,VIEW,false,false
24,android.widget.GridView,android.widget.AbsListView,VIEW,false,false
24,android.widget.HorizontalScrollView,android.widget.FrameLayout,VIEW,false,false
24,android.widget.ImageButton,android.widget.ImageView,VIEW,false,false
24,android.widget.ImageSwitcher,android.widget.ViewSwitcher,VIEW,false,false
24,android.widget.ImageView,android.view.View,VIEW,false,false
24,android.widget.LinearLayout,android.view.ViewGroup,VIEW,false,false
24,android.widget.ListView,android.widget.AbsListView,VIEW,false,false
24,android.widget.MediaController,android.widget.FrameLayout,VIEW,false,false
24,android.widget.MultiAutoCompleteTextView,android.widget.AutoCompleteTextView,VIEW,false,false
24,android.widget.NumberPicker,android.widget.LinearLayout,VIEW,false,false
24,android.widget.PopupMenu,,POPUP,false,false
24,android.widget.PopupWindow,,POPUP,false,false
24,android.widget.ProgressBar,android.view.View,VIEW,false,false
24,android.widget.QuickContactBadge,android.widget.ImageView,VIEW,false,false
24,android.widget.RadioButton,android.widget.CompoundButton,VIEW,false,false
24,android.widget.RadioGroup,android.widget.LinearLayout,VIEW,false,false
24,android.widget.RatingBar,android.widget.AbsSeekBar,VIEW,false,false
24,android.widget.RelativeLayout,android.view.ViewGroup,VIEW,false,false
24,android.widget.ScrollView,android.widget.FrameLayout,VIEW,false,false
24,android.widget.SearchView,android.widget.LinearLayout,VIEW,false,false
24,android.widget.SeekBar,android.widget.AbsSeekBar,VIEW,false,false
24,android.widget.SlidingDrawer,android.view.ViewGroup,VIEW,false,true
24,android.widget.Space,android.view.View,VIEW,false,false
24,android.widget.Spinner,android.widget.AbsSpinner,VIEW,false,false
24,android.widget.StackView,android.widget.AdapterViewAnimator,VIEW,false,false
24,android.widget.Switch,android.widget.CompoundButton,VIEW,false,false
24,android.widget.TabHost,android.widget.FrameLayout,VIEW,false,false
24,android.widget.TabWidget,android.widget.LinearLayout,VIEW,false,false
24,android.widget.TableLayout,android.widget.LinearLayout,VIEW,false,false
24,android.widget.TableRow,android.widget.LinearLayout,VIEW,false,false
24,android.widget.TextClock,android.widget.TextView,VIEW,false,false
24,android.widget.TextSwitcher,android.widget.ViewSwitcher,VIEW,false,false
24,android.widget.TextView,android.view.View,VIEW,false,false
24,android.widget.TimePicker,android.widget.FrameLayout,VIEW,false,false
24,android.widget.Toast,,POPUP,false,false
24,android.widget.ToggleButton,android.widget.CompoundButton,VIEW,false,false
24,android.widget.Toolbar,android.view.ViewGroup,VIEW,false,false
24,android.widget.TwoLineListItem,android.widget.RelativeLayout,VIEW,false,true
24,android.widget.VideoView,android.view.SurfaceView,VIEW,false,false
24,android.widget.ViewAnimator,android.widget.FrameLayout,VIEW,false,false
24,android.widget.ViewFlipper,android.widget.ViewAnimator,VIEW,false,false
24,android.widget.ViewSwitcher,android.widget.ViewAnimator,VIEW,false,false
24,android.widget.ZoomButton,android.widget.ImageButton,VIEW,false,false
24,android.widget.ZoomButtonsController,,CONTROLLER,false,false
24,android.widget.ZoomControls,android.widget.LinearLayout,VIEW,false,false
25,android.app.ActionBar,,CONTROLLER,true,false
25,android.app.AlertDialog,android.app.Dialog,DIALOG,false,false
25,android.app.DatePickerDialog,android.app.AlertDialog,DIALOG,false,false
25,android.app.Dialog,,DIALOG,false,false
25,android.app.FragmentBreadCrumbs,android.view.ViewGroup,VIEW,false,true
25,android.app.MediaRouteButton,android.view.View,VIEW,false,false
25,android.app.Presentation,android.app.Dialog,DIALOG,false,false
25,android.app.ProgressDialog,android.app.AlertDialog,DIALOG,false,false
25,android.app.TimePickerDialog,android.app.AlertDialog,DIALOG,false,false
25,android.gesture.GestureOverlayView,android.widget.FrameLayout,VIEW,false,false
25,android.preference.CheckBoxPreference,android.preference.TwoStatePreference,PREFERENCE,false,false
25,android.preference.DialogPreference,android.preference.Preference,PREFERENCE,true,false
25,android.preference.EditTextPreference,android.preference.DialogPreference,PREFERENCE,false,false
25,android.preference.ListPreference,android.preference.DialogPreference,PREFERENCE,false,false
25,android.preference.MultiSelectListPreference,android.preference.DialogPreference,PREFERENCE,false,false
25,android.preference.Preference,,PREFERENCE,false,false
25,android.preference.PreferenceCategory,android.preference.PreferenceGroup,PREFERENCE,false,false
25,android.preference.PreferenceGroup,android.preference.Preference,PREFERENCE,true,false
25,android.preference.PreferenceScreen,android.preference.PreferenceGroup,PREFERENCE,false,false
25,android.preference.RingtonePreference,android.preference.Preference,PREFERENCE,false,false
25,android.preference.SwitchPreference,android.preference.TwoStatePreference,PREFERENCE,false,false
25,android.preference.TwoStatePreference,android.preference.Preference,PREFERENCE,true,false
25,android.view.ActionMode,,CONTROLLER,true,false
25,android.view.SurfaceView,android.view.View,VIEW,false,false
25,android.view.TextureView,android.view.View,VIEW,false,false
25,android.view.View,,VIEW,false,false
25,android.view.ViewGroup,android.view.View,VIEW,true,false
25,android.view.ViewStub,android.view.View,VIEW,false,false
25,android.webkit.WebView,android.widget.AbsoluteLayout,VIEW,false,false
25,android.widget.AbsListView,android.widget.AdapterView,VIEW,true,false
25,android.widget.AbsSeekBar,android.widget.ProgressBar,VIEW,true,false
25,android.widget.AbsSpinner,android.widget.AdapterView,VIEW,true,false
25,android.widget.AbsoluteLayout,android.view.ViewGroup,VIEW,false,true
25,android.widget.ActionMenuView,android.widget.LinearLayout,VIEW,false,false
25,android.widget.AdapterView,android.view.ViewGroup,VIEW,true,false
25,android.widget.AdapterViewAnimator,android.widget.AdapterView,VIEW,true,false
25,android.widget.AdapterViewFlipper,android.widget.AdapterViewAnimator,VIEW,false,false
25,android.widget.AnalogClock,android.view.View,VIEW,false,true
25,android.widget.AutoCompleteTextView,android.widget.EditText,VIEW,false,false
25,android.widget.Button,android.widget.TextView,VIEW,false,false
25,android.widget.CalendarView,android.widget.FrameLayout,VIEW,false,false
25,android.widget.CheckBox,android.widget.CompoundButton,VIEW,false,false
25,android.widget.CheckedTextView,android.widget.TextView,VIEW,false,false
25,android.widget.Chronometer,android.widget.TextView,VIEW,false,false
25,android.widget.CompoundButton,android.widget.Button,VIEW,true,false
25,android.widget.DatePicker,android.widget.FrameLayout,VIEW,false,false
25,android.widget.DialerFilter,android.widget.RelativeLayout,VIEW,false,false
25,android.widget.DigitalClock,android.widget.TextView,VIEW,false,true
25,android.widget.EdgeEffect,,CONTROLLER,false,false
25,android.widget.EditText,android.widget.TextView,VIEW,false,false
25,android.widget.ExpandableListView,android.widget.ListView,VIEW,false,false
25,android.widget.FrameLayout,android.view.ViewGroup,VIEW,false,false
25,android.widget.Gallery,android.widget.AbsSpinner,VIEW,false,true
25,android.widget.GridLayout,android.view.ViewGroup,VIEW,false,false
25,android.widget.GridView,android.widget.AbsListView,VIEW,false,false
25,android.widget.HorizontalScrollView,android.widget.FrameLayout,VIEW,false,false
25,android.widget.ImageButton,android.widget.ImageView,VIEW,false,false
25,android.widget.ImageSwitcher,android.widget.ViewSwitcher,VIEW,false,false
25,android.widget.ImageView,android.view.View,VIEW,false,false
25,android.widget.LinearLayout,android.view.ViewGroup,VIEW,false,false
25,android.widget.ListView,android.widget.AbsListView,VIEW,false,false
25,android.widget.MediaController,android.widget.FrameLayout,VIEW,false,false
25,android.widget.MultiAutoCompleteTextView,android.widget.AutoCompleteTextView,VIEW,false,false
25,android.widget.NumberPicker,android.widget.LinearLayout,VIEW,false,false
25,android.widget.PopupMenu,,POPUP,false,false
25,android.widget.PopupWindow,,POPUP,false,false
25,android.widget.ProgressBar,android.view.View,VIEW,false,false
25,android.widget.QuickContactBadge,android.widget.ImageView,VIEW,false,false
25,android.widget.RadioButton,android.widget.CompoundButton,VIEW,false,false
25,android.widget.RadioGroup,android.widget.LinearLayout,VIEW,false,false
25,android.widget.RatingBar,android.widget.AbsSeekBar,VIEW,false,false
25,android.widget.RelativeLayout,android.view.ViewGroup,VIEW,false,false
25,android.widget.ScrollView,android.widget.FrameLayout,VIEW,false,false
25,android.widget.SearchView,android.widget.LinearLayout,VIEW,false,false
25,android.widget.SeekBar,android.widget.AbsSeekBar,VIEW,false,false
25,android.widget.SlidingDrawer,android.view.ViewGroup,VIEW,false,true
25,android.widget.Space,android.view.View,VIEW,false,false
25,android.widget.Spinner,android.widget.AbsSpinner,VIEW,false,false
25,android.widget.StackView,android.widget.AdapterViewAnimator,VIEW,false,false
25,android.widget.Switch,android.widget.CompoundButton,VIEW,false,false
25,android.widget.TabHost,android.widget.FrameLayout,VIEW,false,false
25,android.widget.TabWidget,android.widget.LinearLayout,VIEW,false,false
25,android.widget.TableLayout,android.widget.LinearLayout,VIEW,false,false
25,android.widget.TableRow,android.widget.LinearLayout,VIEW,false,false
25,android.widget.TextClock,android.widget.TextView,VIEW,false,false
25,android.widget.TextSwitcher,android.widget.ViewSwitcher,VIEW,false,false
25,android.widget.TextView,android.view.View,VIEW,false,false
25,android.widget.TimePicker,android.widget.FrameLayout,VIEW,false,false
25,android.widget.Toast,,POPUP,false,false
25,android.widget.ToggleButton,android.widget.CompoundButton,VIEW,false,false
25,android.widget.Toolbar,android.view.ViewGroup,VIEW,false,false
25,android.widget.TwoLineListItem,android.widget.RelativeLayout,VIEW,false,true
25,android.widget.VideoView,android.view.SurfaceView,VIEW,false,false
25,android.widget.ViewAnimator,android.widget.FrameLayout,VIEW,false,false
25,android.widget.ViewFlipper,android.widget.ViewAnimator,VIEW,false,false
25,android.widget.ViewSwitcher,android.widget.ViewAnimator,VIEW,false,false
25,android.widget.ZoomButton,android.widget.ImageButton,VIEW,false,false
25,android.widget.ZoomButtonsController,,CONTROLLER,false,false
25,android.widget.ZoomControls,android.widget.LinearLayout,VIEW,false,false
26,android.app.ActionBar,,CONTROLLER,true,false
26,android.app.AlertDialog,android.app.Dialog,DIALOG,false,false
26,android.app.DatePickerDialog,android.app.AlertDialog,DIALOG,false,false
26,android.app.Dialog,,DIALOG,false,false
26,android.app.FragmentBreadCrumbs,android.view.ViewGroup,VIEW,false,true
26,android.app.MediaRouteButton,android.view.View,VIEW,false,false
26,android.app.Presentation,android.app.Dialog,DIALOG,false,false
26,android.app.ProgressDialog,android.app.AlertDialog,DIALOG,false,true
26,android.app.TimePickerDialog,android.app.AlertDialog,DIALOG,false,false
26,android.gesture.GestureOverlayView,android.widget.FrameLayout,VIEW,false,false
26,android.preference.CheckBoxPreference,android.preference.TwoStatePreference,PREFERENCE,false,false
26,android.preference.DialogPreference,android.preference.Preference,PREFERENCE,true,false
26,android.preference.EditTextPreference,android.preference.DialogPreference,PREFERENCE,false,false
26,android.preference.ListPreference,android.preference.DialogPreference,PREFERENCE,false,false
26,android.preference.MultiSelectListPreference,android.preference.DialogPreference,PREFERENCE,false,false
26,android.preference.Preference,,PREFERENCE,false,false
26,android.preference.PreferenceCategory,android.preference.PreferenceGroup,PREFERENCE,false,false
26,android.preference.PreferenceGroup,android.preference.Preference,PREFERENCE,true,false
26,android.preference.PreferenceScreen,android.preference.PreferenceGroup,PREFERENCE,false,false
26,android.preference.RingtonePreference,android.preference.Preference,PREFERENCE,false,false
26,android.preference.SwitchPreference,android.preference.TwoStatePreference,PREFERENCE,false,false
26,android.preference.TwoStatePreference,android.preference.Preference,PREFERENCE,true,false
26,android.view.ActionMode,,CONTROLLER,true,false
26,android.view.SurfaceView,android.view.View,VIEW,false,false
26,android.view.TextureView,android.view.View,VIEW,false,false
26,android.view.View,,VIEW,false,false
26,android.view.ViewGroup,android.view.View,VIEW,true,false
26,android.view.ViewStub,android.view.View,VIEW,false,false
26,android.webkit.WebView,android.widget.AbsoluteLayout,VIEW,false,false
26,android.widget.AbsListView,android.widget.AdapterView,VIEW,true,false
26,android.widget.AbsSeekBar,android.widget.ProgressBar,VIEW,true,false
26,android.widget.AbsSpinner,android.widget.AdapterView,VIEW,true,false
26,android.widget.AbsoluteLayout,android.view.ViewGroup,VIEW,false,true
26,android.widget.ActionMenuView,android.widget.LinearLayout,VIEW,false,false
26,android.widget.AdapterView,android.view.ViewGroup,VIEW,true,false
26,android.widget.AdapterViewAnimator,android.widget.AdapterView,VIEW,true,false
26,android.widget.AdapterViewFlipper,android.widget.AdapterViewAnimator,VIEW,false,false
26,android.widget.AnalogClock,android.view.View,VIEW,false,true
26,android.widget.AutoCompleteTextView,android.widget.EditText,VIEW,false,false
26,android.widget.Button,android.widget.TextView,VIEW,false,false
26,android.widget.CalendarView,android.widget.FrameLayout,VIEW,false,false
26,android.widget.CheckBox,android.widget.CompoundButton,VIEW,false,false
26,android.widget.CheckedTextView,android.widget.TextView,VIEW,false,false
26,android.widget.Chronometer,android.widget.TextView,VIEW,false,false
26,android.widget.CompoundButton,android.widget.Button,VIEW,true,false
26,android.widget.DatePicker,android.widget.FrameLayout,VIEW,false,false
26,android.widget.DialerFilter,android.widget.RelativeLayout,VIEW,false,true
26,android.widget.DigitalClock,android.widget.TextView,VIEW,false,true
26,android.widget.EdgeEffect,,CONTROLLER,false,false
26,android.widget.EditText,android.widget.TextView,VIEW,false,false
26,android.widget.ExpandableListView,android.widget.ListView,VIEW,false,false
26,android.widget.FrameLayout,android.view.ViewGroup,VIEW,false,false
26,android.widget.Gallery,android.widget.AbsSpinner,VIEW,false,true
26,android.widget.GridLayout,android.view.ViewGroup,VIEW,false,false
26,android.widget.GridView,android.widget.AbsListView,VIEW,false,false
26,android.widget.HorizontalScrollView,android.widget.FrameLayout,VIEW,false,false
26,android.widget.ImageButton,android.widget.ImageView,VIEW,false,false
26,android.widget.ImageSwitcher,android.widget.ViewSwitcher,VIEW,false,false
26,android.widget.ImageView,android.view.View,VIEW,false,false
26,android.widget.LinearLayout,android.view.ViewGroup,VIEW,false,false
26,android.widget.ListView,android.widget.AbsListView,VIEW,false,false
26,android.widget.MediaController,android.widget.FrameLayout,VIEW,false,false
26,android.widget.MultiAutoCompleteTextView,android.widget.AutoCompleteTextView,VIEW,false,false
26,android.widget.NumberPicker,android.widget.LinearLayout,VIEW,false,false
26,android.widget.PopupMenu,,POPUP,false,false
26,android.widget.PopupWindow,,POPUP,false,false
26,android.widget.ProgressBar,android.view.View,VIEW,false,false
26,android.widget.QuickContactBadge,android.widget.ImageView,VIEW,false,false
26,android.widget.RadioButton,android.widget.CompoundButton,VIEW,false,false
26,android.widget.RadioGroup,android.widget.LinearLayout,VIEW,false,false
26,android.widget.RatingBar,android.widget.AbsSeekBar,VIEW,false,false
26,android.widget.RelativeLayout,android.view.ViewGroup,VIEW,false,false
26,android.widget.ScrollView,android.widget.FrameLayout,VIEW,false,false
26,android.widget.SearchView,android.widget.LinearLayout,VIEW,false,false
26,android.widget.SeekBar,android.widget.AbsSeekBar,VIEW,false,false
26,android.widget.SlidingDrawer,android.view.ViewGroup,VIEW,false,true
26,android.widget.Space,android.view.View,VIEW,false,false
26,android.widget.Spinner,android.widget.AbsSpinner,VIEW,false,false
26,android.widget.StackView,android.widget.AdapterViewAnimator,VIEW,false,false
26,android.widget.Switch,android.widget.CompoundButton,VIEW,false,false
26,android.widget.TabHost,android.widget.FrameLayout,VIEW,false,false
26,android.widget.TabWidget,android.widget.LinearLayout,VIEW,false,false
26,android.widget.TableLayout,android.widget.LinearLayout,VIEW,false,false
26,android.widget.TableRow,android.widget.LinearLayout,VIEW,false,false
26,android.widget.TextClock,android.widget.TextView,VIEW,false,false
26,android.widget.TextSwitcher,android.widget.ViewSwitcher,VIEW,false,false
26,android.widget.TextView,android.view.View,VIEW,false,false
26,android.widget.TimePicker,android.widget.FrameLayout,VIEW,false,false
26,android.widget.Toast,,POPUP,false,false
26,android.widget.ToggleButton,android.widget.CompoundButton,VIEW,false,false
26,android.widget.Toolbar,android.view.ViewGroup,VIEW,false,false
26,android.widget.TwoLineListItem,android.widget.RelativeLayout,VIEW,false,true
26,android.widget.VideoView,android.view.SurfaceView,VIEW,false,false
26,android.widget.ViewAnimator,android.widget.FrameLayout,VIEW,false,false
26,android.widget.ViewFlipper,android.widget.ViewAnimator,VIEW,false,false
26,android.widget.ViewSwitcher,android.widget.ViewAnimator,VIEW,false,false
26,android.widget.ZoomButton,android.widget.ImageButton,VIEW,false,true
26,android.widget.ZoomButtonsController,,CONTROLLER,false,true
26,android.widget.ZoomControls,android.widget.LinearLayout,VIEW,false,false
27,android.app.ActionBar,,CONTROLLER,true,false
27,android.app.AlertDialog,android.app.Dialog,DIALOG,false,false
27,android.app.DatePickerDialog,android.app.AlertDialog,DIALOG,false,false
27,android.app.Dialog,,DIALOG,false,false
27,android.app.FragmentBreadCrumbs,android.view.ViewGroup,VIEW,false,true
27,android.app.MediaRouteButton,android.view.View,VIEW,false,false
27,android.app.Presentation,android.app.Dialog,DIALOG,false,false
27,android.app.ProgressDialog,android.app.AlertDialog,DIALOG,false,true
27,android.app.TimePickerDialog,android.app.AlertDialog,DIALOG,false,false
27,android.gesture.GestureOverlayView,android.widget.FrameLayout,VIEW,false,false
27,android.preference.CheckBoxPreference,android.preference.TwoStatePreference,PREFERENCE,false,false
27,android.preference.DialogPreference,android.preference.Preference,PREFERENCE,true,false
27,android.preference.EditTextPreference,android.preference.DialogPreference,PREFERENCE,false,false
27,android.preference.ListPreference,android.preference.DialogPreference,PREFERENCE,false,false
27,android.preference.MultiSelectListPreference,android.preference.DialogPreference,PREFERENCE,false,false
27,android.preference.Preference,,PREFERENCE,false,false
27,android.preference.PreferenceCategory,android.preference.PreferenceGroup,PREFERENCE,false,false
27,android.preference.PreferenceGroup,android.preference.Preference,PREFERENCE,true,false
27,android.preference.PreferenceScreen,android.preference.PreferenceGroup,PREFERENCE,false,false
27,android.preference.RingtonePreference,android.preference.Preference,PREFERENCE,false,false
27,android.preference.SwitchPreference,android.preference.TwoStatePreference,PREFERENCE,false,false
27,android.preference.TwoStatePreference,android.preference.Preference,PREFERENCE,true,false
27,android.view.ActionMode,,CONTROLLER,true,false
27,android.view.SurfaceView,android.view.View,VIEW,false,false
27,android.view.TextureView,android.view.View,VIEW,false,false
27,android.view.View,,VIEW,false,false
27,android.view.ViewGroup,android.view.View,VIEW,true,false
27,android.view.ViewStub,android.view.View,VIEW,false,false
27,android.webkit.WebView,android.widget.AbsoluteLayout,VIEW,false,false
27,android.widget.AbsListView,android.widget.AdapterView,VIEW,true,false
27,android.widget.AbsSeekBar,android.widget.ProgressBar,VIEW,true,false
27,android.widget.AbsSpinner,android.widget.AdapterView,VIEW,true,false
27,android.widget.AbsoluteLayout,android.view.ViewGroup,VIEW,false,true
27,android.widget.ActionMenuView,android.widget.LinearLayout,VIEW,false,false
27,android.widget.AdapterView,android.view.ViewGroup,VIEW,true,false
27,android.widget.AdapterViewAnimator,android.widget.AdapterView,VIEW,true,false
27,android.widget.AdapterViewFlipper,android.widget.AdapterViewAnimator,VIEW,false,false
27,android.widget.AnalogClock,android.view.View,VIEW,false,true
27,android.widget.AutoCompleteTextView,android.widget.EditText,VIEW,false,false
27,android.widget.Button,android.widget.TextView,VIEW,false,false
27,android.widget.CalendarView,android.widget.FrameLayout,VIEW,false,false
27,android.widget.CheckBox,android.widget.CompoundButton,VIEW,false,false
27,android.widget.CheckedTextView,android.widget.TextView,VIEW,false,false
27,android.widget.Chronometer,android.widget.TextView,VIEW,false,false
27,android.widget.CompoundButton,android.widget.Button,VIEW,true,false
27,android.widget.DatePicker,android.widget.FrameLayout,VIEW,false,false
27,android.widget.DialerFilter,android.widget.RelativeLayout,VIEW,false,true
27,android.widget.DigitalClock,android.widget.TextView,VIEW,false,true
27,android.widget.EdgeEffect,,CONTROLLER,false,false
27,android.widget.EditText,android.widget.TextView,VIEW,false,false
27,android.widget.ExpandableListView,android.widget.ListView,VIEW,false,false
27,android.widget.FrameLayout,android.view.ViewGroup,VIEW,false,false
27,android.widget.Gallery,android.widget.AbsSpinner,VIEW,false,true
27,android.widget.GridLayout,android.view.ViewGroup,VIEW,false,false
27,android.widget.GridView,android.widget.AbsListView,VIEW,false,false
27,android.widget.HorizontalScrollView,android.widget.FrameLayout,VIEW,false,false
27,android.widget.ImageButton,android.widget.ImageView,VIEW,false,false
27,android.widget.ImageSwitcher,android.widget.ViewSwitcher,VIEW,false,false
27,android.widget.ImageView,android.view.View,VIEW,false,false
27,android.widget.LinearLayout,android.view.ViewGroup,VIEW,false,false
27,android.widget.ListView,android.widget.AbsListView,VIEW,false,false
27,android.widget.MediaController,android.widget.FrameLayout,VIEW,false,false
27,android.widget.MultiAutoCompleteTextView,android.widget.AutoCompleteTextView,VIEW,false,false
27,android.widget.NumberPicker,android.widget.LinearLayout,VIEW,false,false
27,android.widget.PopupMenu,,POPUP,false,false
27,android.widget.PopupWindow,,POPUP,false,false
27,android.widget.ProgressBar,android.view.View,VIEW,false,false
27,android.widget.QuickContactBadge,android.widget.ImageView,VIEW,false,false
27,android.widget.RadioButton,android.widget.CompoundButton,VIEW,false,false
27,android.widget.RadioGroup,android.widget.LinearLayout,VIEW,false,false
27,android.widget.RatingBar,android.widget.AbsSeekBar,VIEW,false,false
27,android.widget.RelativeLayout,android.view.ViewGroup,VIEW,false,false
27,android.widget.ScrollView,android.widget.FrameLayout,VIEW,false,false
27,android.widget.SearchView,android.widget.LinearLayout,VIEW,false,false
27,android.widget.SeekBar,android.widget.AbsSeekBar,VIEW,false,false
27,android.widget.SlidingDrawer,android.view.ViewGroup,VIEW,false,true
27,android.widget.Space,android.view.View,VIEW,false,false
27,android.widget.Spinner,android.widget.AbsSpinner,VIEW,false,false
27,android.widget.StackView,android.widget.AdapterViewAnimator,VIEW,false,false
27,android.widget.Switch,android.widget.CompoundButton,VIEW,false,false
27,android.widget.TabHost,android.widget.FrameLayout,VIEW,false,false
27,android.widget.TabWidget,android.widget.LinearLayout,VIEW,false,false
27,android.widget.TableLayout,android.widget.LinearLayout,VIEW,false,false
27,android.widget.TableRow,android.widget.LinearLayout,VIEW,false,false
27,android.widget.TextClock,android.widget.TextView,VIEW,false,false
27,android.widget.TextSwitcher,android.widget.ViewSwitcher,VIEW,false,false
27,android.widget.TextView,android.view.View,VIEW,false,false
27,android.widget.TimePicker,android.widget.FrameLayout,VIEW,false,false
27,android.widget.Toast,,POPUP,false,false
27,android.widget.ToggleButton,android.widget.CompoundButton,VIEW,false,false
27,android.widget.Toolbar,android.view.ViewGroup,VIEW,false,false
27,android.widget.TwoLineListItem,android.widget.RelativeLayout,VIEW,false,true
27,android.widget.VideoView,android.view.SurfaceView,VIEW,false,false
27,android.widget.ViewAnimator,android.widget.FrameLayout,VIEW,false,false
27,android.widget.ViewFlipper,android.widget.ViewAnimator,VIEW,false,false
27,android.widget.ViewSwitcher,android.widget.ViewAnimator,VIEW,false,false
27,android.widget.ZoomButton,android.widget.ImageButton,VIEW,false,true
27,android.widget.ZoomButtonsController,,CONTROLLER,false,true
27,android.widget.ZoomControls,android.widget.LinearLayout,VIEW,false,false
28,android.app.ActionBar,,CONTROLLER,true,false
28,android.app.AlertDialog,android.app.Dialog,DIALOG,false,false
28,android.app.DatePickerDialog,android.app.AlertDialog,DIALOG,false,false
28,android.app.Dialog,,DIALOG,false,false
28,android.app.FragmentBreadCrumbs,android.view.ViewGroup,VIEW,false,true
28,android.app.MediaRouteButton,android.view.View,VIEW,false,false
28,android.app.Presentation,android.app.Dialog,DIALOG,false,false
28,android.app.ProgressDialog,android.app.AlertDialog,DIALOG,false,true
28,android.app.TimePickerDialog,android.app.AlertDialog,DIALOG,false,false
28,android.gesture.GestureOverlayView,android.widget.FrameLayout,VIEW,false,false
28,android.preference.CheckBoxPreference,android.preference.TwoStatePreference,PREFERENCE,false,false
28,android.preference.DialogPreference,android.preference.Preference,PREFERENCE,true,false
28,android.preference.EditTextPreference,android.preference.DialogPreference,PREFERENCE,false,false
28,android.preference.ListPreference,android.preference.DialogPreference,PREFERENCE,false,false
28,android.preference.MultiSelectListPreference,android.preference.DialogPreference,PREFERENCE,false,false
28,android.preference.Preference,,PREFERENCE,false,false
28,android.preference.PreferenceCategory,android.preference.PreferenceGroup,PREFERENCE,false,false
28,android.preference.PreferenceGroup,android.preference.Preference,PREFERENCE,true,false
28,android.preference.PreferenceScreen,android.preference.PreferenceGroup,PREFERENCE,false,false
28,android.preference.RingtonePreference,android.preference.Preference,PREFERENCE,false,false
28,android.preference.SwitchPreference,android.preference.TwoStatePreference,PREFERENCE,false,false
28,android.preference.TwoStatePreference,android.preference.Preference,PREFERENCE,true,false
28,android.view.ActionMode,,CONTROLLER,true,false
28,android.view.SurfaceView,android.view.View,VIEW,false,false
28,android.view.TextureView,android.view.View,VIEW,false,false
28,android.view.View,,VIEW,false,false
28,android.view.ViewGroup,android.view.View,VIEW,true,false
28,android.view.ViewStub,android.view.View,VIEW,false,false
28,android.webkit.WebView,android.widget.AbsoluteLayout,VIEW,false,false
28,android.widget.AbsListView,android.widget.AdapterView,VIEW,true,false
28,android.widget.AbsSeekBar,android.widget.ProgressBar,VIEW,true,false
28,android.widget.AbsSpinner,android.widget.AdapterView,VIEW,true,false
28,android.widget.AbsoluteLayout,android.view.ViewGroup,VIEW,false,true
28,android.widget.ActionMenuView,android.widget.LinearLayout,VIEW,false,false
28,android.widget.AdapterView,android.view.ViewGroup,VIEW,true,false
28,android.widget.AdapterViewAnimator,android.widget.AdapterView,VIEW,true,false
28,android.widget.AdapterViewFlipper,android.widget.AdapterViewAnimator,VIEW,false,false
28,android.widget.AnalogClock,android.view.View,VIEW,false,true
28,android.widget.AutoCompleteTextView,android.widget.EditText,VIEW,false,false
28,android.widget.Button,android.widget.TextView,VIEW,false,false
28,android.widget.CalendarView,android.widget.FrameLayout,VIEW,false,false
28,android.widget.CheckBox,android.widget.CompoundButton,VIEW,false,false
28,android.widget.CheckedTextView,android.widget.TextView,VIEW,false,false
28,android.widget.Chronometer,android.widget.TextView,VIEW,false,false
28,android.widget.CompoundButton,android.widget.Button,VIEW,true,false
28,android.widget.DatePicker,android.widget.FrameLayout,VIEW,false,false
28,android.widget.DialerFilter,android.widget.RelativeLayout,VIEW,false,true
28,android.widget.DigitalClock,android.widget.TextView,VIEW,false,true
28,android.widget.EdgeEffect,,CONTROLLER,false,false
28,android.widget.EditText,android.widget.TextView,VIEW,false,false
28,android.widget.ExpandableListView,android.widget.ListView,VIEW,false,false
28,android.widget.FrameLayout,android.view.ViewGroup,VIEW,false,false
28,android.widget.Gallery,android.widget.AbsSpinner,VIEW,false,true
28,android.widget.GridLayout,android.view.ViewGroup,VIEW,false,false
28,android.widget.GridView,android.widget.AbsListView,VIEW,false,false
28,android.widget.HorizontalScrollView,android.widget.FrameLayout,VIEW,false,false
28,android.widget.ImageButton,android.widget.ImageView,VIEW,false,false
28,android.widget.ImageSwitcher,android.widget.ViewSwitcher,VIEW,false,false
28,android.widget.ImageView,android.view.View,VIEW,false,false
28,android.widget.LinearLayout,android.view.ViewGroup,VIEW,false,false
28,android.widget.ListView,android.widget.AbsListView,VIEW,false,false
28,android.widget.MediaController,android.widget.FrameLayout,VIEW,false,false
28,android.widget.MultiAutoCompleteTextView,android.widget.AutoCompleteTextView,VIEW,false,false
28,android.widget.NumberPicker,android.widget.LinearLayout,VIEW,false,false
28,android.widget.PopupMenu,,POPUP,false,false
28,android.widget.PopupWindow,,POPUP,false,false
28,android.widget.ProgressBar,android.view.View,VIEW,false,false
28,android.widget.QuickContactBadge,android.widget.ImageView,VIEW,false,false
28,android.widget.RadioButton,android.widget.CompoundButton,VIEW,false,false
28,android.widget.RadioGroup,android.widget.LinearLayout,VIEW,false,false
28,android.widget.RatingBar,android.widget.AbsSeekBar,VIEW,false,false
28,android.widget.RelativeLayout,android.view.ViewGroup,VIEW,false,false
28,android.widget.ScrollView,android.widget.FrameLayout,VIEW,false,false
28,android.widget.SearchView,android.widget.LinearLayout,VIEW,false,false
28,android.widget.SeekBar,android.widget.AbsSeekBar,VIEW,false,false
28,android.widget.SlidingDrawer,android.view.ViewGroup,VIEW,false,true
28,android.widget.Space,android.view.View,VIEW,false,false
28,android.widget.Spinner,android.widget.AbsSpinner,VIEW,false,false
28,android.widget.StackView,android.widget.AdapterViewAnimator,VIEW,false,false
28,android.widget.Switch,android.widget.CompoundButton,VIEW,false,false
28,android.widget.TabHost,android.widget.FrameLayout,VIEW,false,false
28,android.widget.TabWidget,android.widget.LinearLayout,VIEW,false,false
28,android.widget.TableLayout,android.widget.LinearLayout,VIEW,false,false
28,android.widget.TableRow,android.widget.LinearLayout,VIEW,false,false
28,android.widget.TextClock,android.widget.TextView,VIEW,false,false
28,android.widget.TextSwitcher,android.widget.ViewSwitcher,VIEW,false,false
28,android.widget.TextView,android.view.View,VIEW,false,false
28,android.widget.TimePicker,android.widget.FrameLayout,VIEW,false,false
28,android.widget.Toast,,POPUP,false,false
28,android.widget.ToggleButton,android.widget.CompoundButton,VIEW,false,false
28,android.widget.Toolbar,android.view.ViewGroup,VIEW,false,false
28,android.widget.TwoLineListItem,android.widget.RelativeLayout,VIEW,false,true
28,android.widget.VideoView,android.view.SurfaceView,VIEW,false,false
28,android.widget.ViewAnimator,android.widget.FrameLayout,VIEW,false,false
28,android.widget.ViewFlipper,android.widget.ViewAnimator,VIEW,false,false
28,android.widget.ViewSwitcher,android.widget.ViewAnimator,VIEW,false,false
28,android.widget.ZoomButton,android.widget.ImageButton,VIEW,false,true
28,android.widget.ZoomButtonsController,,CONTROLLER,false,true
28,android.widget.ZoomControls,android.widget.LinearLayout,VIEW,false,false
29,android.app.ActionBar,,CONTROLLER,true,false
29,android.app.AlertDialog,android.app.Dialog,DIALOG,false,false
29,android.app.DatePickerDialog,android.app.AlertDialog,DIALOG,false,false
29,android.app.Dialog,,DIALOG,false,false
29,android.app.FragmentBreadCrumbs,android.view.ViewGroup,VIEW,false,true
29,android.app.MediaRouteButton,android.view.View,VIEW,false,false
29,android.app.Presentation,android.app.Dialog,DIALOG,false,false
29,android.app.ProgressDialog,android.app.AlertDialog,DIALOG,false,true
29,android.app.TimePickerDialog,android.app.AlertDialog,DIALOG,false,false
29,android.gesture.GestureOverlayView,android.widget.FrameLayout,VIEW,false,false
29,android.preference.CheckBoxPreference,android.preference.TwoStatePreference,PREFERENCE,false,true
29,android.preference.DialogPreference,android.preference.Preference,PREFERENCE,true,true
29,android.preference.EditTextPreference,android.preference.DialogPreference,PREFERENCE,false,true
29,android.preference.ListPreference,android.preference.DialogPreference,PREFERENCE,false,true
29,android.preference.MultiSelectListPreference,android.preference.DialogPreference,PREFERENCE,false,true
29,android.preference.Preference,,PREFERENCE,false,true
29,android.preference.PreferenceCategory,android.preference.PreferenceGroup,PREFERENCE,false,true
29,android.preference.PreferenceGroup,android.preference.Preference,PREFERENCE,true,true
29,android.preference.PreferenceScreen,android.preference.PreferenceGroup,PREFERENCE,false,true
29,android.preference.RingtonePreference,android.preference.Preference,PREFERENCE,false,true
29,android.preference.SwitchPreference,android.preference.TwoStatePreference,PREFERENCE,false,true
29,android.preference.TwoStatePreference,android.preference.Preference,PREFERENCE,true,true
29,android.view.ActionMode,,CONTROLLER,true,false
29,android.view.SurfaceView,android.view.View,VIEW,false,false
29,android.view.TextureView,android.view.View,VIEW,false,false
29,android.view.View,,VIEW,false,false
29,android.view.ViewGroup,android.view.View,VIEW,true,false
29,android.view.ViewStub,android.view.View,VIEW,false,false
29,android.webkit.WebView,android.widget.AbsoluteLayout,VIEW,false,false
29,android.widget.AbsListView,android.widget.AdapterView,VIEW,true,false
29,android.widget.AbsSeekBar,android.widget.ProgressBar,VIEW,true,false
29,android.widget.AbsSpinner,android.widget.AdapterView,VIEW,true,false
29,android.widget.AbsoluteLayout,android.view.ViewGroup,VIEW,false,true
29,android.widget.ActionMenuView,android.widget.LinearLayout,VIEW,false,false
29,android.widget.AdapterView,android.view.ViewGroup,VIEW,true,false
29,android.widget.AdapterViewAnimator,android.widget.AdapterView,VIEW,true,false
29,android.widget.AdapterViewFlipper,android.widget.AdapterViewAnimator,VIEW,false,false
29,android.widget.AnalogClock,android.view.View,VIEW,false,true
29,android.widget.AutoCompleteTextView,android.widget.EditText,VIEW,false,false
29,android.widget.Button,android.widget.TextView,VIEW,false,false
29,android.widget.CalendarView,android.widget.FrameLayout,VIEW,false,false
29,android.widget.CheckBox,android.widget.CompoundButton,VIEW,false,false
29,android.widget.CheckedTextView,android.widget.TextView,VIEW,false,false
29,android.widget.Chronometer,android.widget.TextView,VIEW,false,false
29,android.widget.CompoundButton,android.widget.Button,VIEW,true,false
29,android.widget.DatePicker,android.widget.FrameLayout,VIEW,false,false
29,android.widget.DialerFilter,android.widget.RelativeLayout,VIEW,false,true
29,android.widget.DigitalClock,android.widget.TextView,VIEW,false,true
29,android.widget.EdgeEffect,,CONTROLLER,false,false
29,android.widget.EditText,android.widget.TextView,VIEW,false,false
29,android.widget.ExpandableListView,android.widget.ListView,VIEW,false,false
29,android.widget.FrameLayout,android.view.ViewGroup,VIEW,false,false
29,android.widget.Gallery,android.widget.AbsSpinner,VIEW,false,true
29,android.widget.GridLayout,android.view.ViewGroup,VIEW,false,false
29,android.widget.GridView,android.widget.AbsListView,VIEW,false,false
29,android.widget.HorizontalScrollView,android.widget.FrameLayout,VIEW,false,false
29,android.widget.ImageButton,android.widget.ImageView,VIEW,false,false
29,android.widget.ImageSwitcher,android.widget.ViewSwitcher,VIEW,false,false
29,android.widget.ImageView,android.view.View,VIEW,false,false
29,android.widget.LinearLayout,android.view.ViewGroup,VIEW,false,false
29,android.widget.ListView,android.widget.AbsListView,VIEW,false,false
29,android.widget.MediaController,android.widget.FrameLayout,VIEW,false,false
29,android.widget.MultiAutoCompleteTextView,android.widget.AutoCompleteTextView,VIEW,false,false
29,android.widget.NumberPicker,android.widget.LinearLayout,VIEW,false,false
29,android.widget.PopupMenu,,POPUP,false,false
29,android.widget.PopupWindow,,POPUP,false,false
29,android.widget.ProgressBar,android.view.View,VIEW,false,false
29,android.widget.QuickContactBadge,android.widget.ImageView,VIEW,false,false
29,android.widget.RadioButton,android.widget.CompoundButton,VIEW,false,false
29,android.widget.RadioGroup,android.widget.LinearLayout,VIEW,false,false
29,android.widget.RatingBar,android.widget.AbsSeekBar,VIEW,false,false
29,android.widget.RelativeLayout,android.view.ViewGroup,VIEW,false,false
29,android.widget.ScrollView,android.widget.FrameLayout,VIEW,false,false
29,android.widget.SearchView,android.widget.LinearLayout,VIEW,false,false
29,android.widget.SeekBar,android.widget.AbsSeekBar,VIEW,false,false
29,android.widget.SlidingDrawer,android.view.ViewGroup,VIEW,false,true
29,android.widget.Space,android.view.View,VIEW,false,false
29,android.widget.Spinner,android.widget.AbsSpinner,VIEW,false,false
29,android.widget.StackView,android.widget.AdapterViewAnimator,VIEW,false,false
29,android.widget.Switch,android.widget.CompoundButton,VIEW,false,false
29,android.widget.TabHost,android.widget.FrameLayout,VIEW,false,false
29,android.widget.TabWidget,android.widget.LinearLayout,VIEW,false,false
29,android.widget.TableLayout,android.widget.LinearLayout,VIEW,false,false
29,android.widget.TableRow,android.widget.LinearLayout,VIEW,false,false
29,android.widget.TextClock,android.widget.TextView,VIEW,false,false
29,android.widget.TextSwitcher,android.widget.ViewSwitcher,VIEW,false,false
29,android.widget.TextView,android.view.View,VIEW,false,false
29,android.widget.TimePicker,android.widget.FrameLayout,VIEW,false,false
29,android.widget.Toast,,POPUP,false,false
29,android.widget.ToggleButton,android.widget.CompoundButton,VIEW,false,false
29,android.widget.Toolbar,android.view.ViewGroup,VIEW,false,false
29,android.widget.TwoLineListItem,android.widget.RelativeLayout,VIEW,false,true
29,android.widget.VideoView,android.view.SurfaceView,VIEW,false,false
29,android.widget.ViewAnimator,android.widget.FrameLayout,VIEW,false,false
29,android.widget.ViewFlipper,android.widget.ViewAnimator,VIEW,false,false
29,android.widget.ViewSwitcher,android.widget.ViewAnimator,VIEW,false,false
29,android.widget.ZoomButton,android.widget.ImageButton,VIEW,false,true
29,android.widget.ZoomButtonsController,,CONTROLLER,false,true
29,android.widget.ZoomControls,android.widget.LinearLayout,VIEW,false,true
30,android.app.ActionBar,,CONTROLLER,true,false
30,android.app.AlertDialog,android.app.Dialog,DIALOG,false,false
30,android.app.DatePickerDialog,android.app.AlertDialog,DIALOG,false,false
30,android.app.Dialog,,DIALOG,false,false
30,android.app.FragmentBreadCrumbs,android.view.ViewGroup,VIEW,false,true
30,android.app.MediaRouteButton,android.view.View,VIEW,false,false
30,android.app.Presentation,android.app.Dialog,DIALOG,false,false
30,android.app.ProgressDialog,android.app.AlertDialog,DIALOG,false,true
30,android.app.TimePickerDialog,android.app.AlertDialog,DIALOG,false,false
30,android.gesture.GestureOverlayView,android.widget.FrameLayout,VIEW,false,false
30,android.preference.CheckBoxPreference,android.preference.TwoStatePreference,PREFERENCE,false,true
30,android.preference.DialogPreference,android.preference.Preference,PREFERENCE,true,true
30,android.preference.EditTextPreference,android.preference.DialogPreference,PREFERENCE,false,true
30,android.preference.ListPreference,android.preference.DialogPreference,PREFERENCE,false,true
30,android.preference.MultiSelectListPreference,android.preference.DialogPreference,PREFERENCE,false,true
30,android.preference.Preference,,PREFERENCE,false,true
30,android.preference.PreferenceCategory,android.preference.PreferenceGroup,PREFERENCE,false,true
30,android.preference.PreferenceGroup,android.preference.Preference,PREFERENCE,true,true
30,android.preference.PreferenceScreen,android.preference.PreferenceGroup,PREFERENCE,false,true
30,android.preference.RingtonePreference,android.preference.Preference,PREFERENCE,false,true
30,android.preference.SwitchPreference,android.preference.TwoStatePreference,PREFERENCE,false,true
30,android.preference.TwoStatePreference,android.preference.Preference,PREFERENCE,true,true
30,android.view.ActionMode,,CONTROLLER,true,false
30,android.view.SurfaceView,android.view.View,VIEW,false,false
30,android.view.TextureView,android.view.View,VIEW,false,false
30,android.view.View,,VIEW,false,false
30,android.view.ViewGroup,android.view.View,VIEW,true,false
30,android.view.ViewStub,android.view.View,VIEW,false,false
30,android.webkit.WebView,android.widget.AbsoluteLayout,VIEW,false,false
30,android.widget.AbsListView,android.widget.AdapterView,VIEW,true,false
30,android.widget.AbsSeekBar,android.widget.ProgressBar,VIEW,true,false
30,android.widget.AbsSpinner,android.widget.AdapterView,VIEW,true,false
30,android.widget.AbsoluteLayout,android.view.ViewGroup,VIEW,false,true
30,android.widget.ActionMenuView,android.widget.LinearLayout,VIEW,false,false
30,android.widget.AdapterView,android.view.ViewGroup,VIEW,true,false
30,android.widget.AdapterViewAnimator,android.widget.AdapterView,VIEW,true,false
30,android.widget.AdapterViewFlipper,android.widget.AdapterViewAnimator,VIEW,false,false
30,android.widget.AnalogClock,android.view.View,VIEW,false,true
30,android.widget.AutoCompleteTextView,android.widget.EditText,VIEW,false,false
30,android.widget.Button,android.widget.TextView,VIEW,false,false
30,android.widget.CalendarView,android.widget.FrameLayout,VIEW,false,false
30,android.widget.CheckBox,android.widget.CompoundButton,VIEW,false,false
30,android.widget.CheckedTextView,android.widget.TextView,VIEW,false,false
30,android.widget.Chronometer,android.widget.TextView,VIEW,false,false
30,android.widget.CompoundButton,android.widget.Button,VIEW,true,false
30,android.widget.DatePicker,android.widget.FrameLayout,VIEW,false,false
30,android.widget.DialerFilter,android.widget.RelativeLayout,VIEW,false,true
30,android.widget.DigitalClock,android.widget.TextView,VIEW,false,true
30,android.widget.EdgeEffect,,CONTROLLER,false,false
30,android.widget.EditText,android.widget.TextView,VIEW,false,false
30,android.widget.ExpandableListView,android.widget.ListView,VIEW,false,false
30,android.widget.FrameLayout,android.view.ViewGroup,VIEW,false,false
30,android.widget.Gallery,android.widget.AbsSpinner,VIEW,false,true
30,android.widget.GridLayout,android.view.ViewGroup,VIEW,false,false
30,android.widget.GridView,android.widget.AbsListView,VIEW,false,false
30,android.widget.HorizontalScrollView,android.widget.FrameLayout,VIEW,false,false
30,android.widget.ImageButton,android.widget.ImageView,VIEW,false,false
30,android.widget.ImageSwitcher,android.widget.ViewSwitcher,VIEW,false,false
30,android.widget.ImageView,android.view.View,VIEW,false,false
30,android.widget.LinearLayout,android.view.ViewGroup,VIEW,false,false
30,android.widget.ListView,android.widget.AbsListView,VIEW,false,false
30,android.widget.MediaController,android.widget.FrameLayout,VIEW,false,false
30,android.widget.MultiAutoCompleteTextView,android.widget.AutoCompleteTextView,VIEW,false,false
30,android.widget.NumberPicker,android.widget.LinearLayout,VIEW,false,false
30,android.widget.PopupMenu,,POPUP,false,false
30,android.widget.PopupWindow,,POPUP,false,false
30,android.widget.ProgressBar,android.view.View,VIEW,false,false
30,android.widget.QuickContactBadge,android.widget.ImageView,VIEW,false,false
30,android.widget.RadioButton,android.widget.CompoundButton,VIEW,false,false
30,android.widget.RadioGroup,android.widget.LinearLayout,VIEW,false,false
30,android.widget.RatingBar,android.widget.AbsSeekBar,VIEW,false,false
30,android.widget.RelativeLayout,android.view.ViewGroup,VIEW,false,false
30,android.widget.ScrollView,android.widget.FrameLayout,VIEW,false,false
30,android.widget.SearchView,android.widget.LinearLayout,VIEW,false,false
30,android.widget.SeekBar,android.widget.AbsSeekBar,VIEW,false,false
30,android.widget.SlidingDrawer,android.view.ViewGroup,VIEW,false,true
30,android.widget.Space,android.view.View,VIEW,false,false
30,android.widget.Spinner,android.widget.AbsSpinner,VIEW,false,false
30,android.widget.StackView,android.widget.AdapterViewAnimator,VIEW,false,false
30,android.widget.Switch,android.widget.CompoundButton,VIEW,false,false
30,android.widget.TabHost,android.widget.FrameLayout,VIEW,false,true
30,android.widget.TabWidget,android.widget.LinearLayout,VIEW,false,true
30,android.widget.TableLayout,android.widget.LinearLayout,VIEW,false,false
30,android.widget.TableRow,android.widget.LinearLayout,VIEW,false,false
30,android.widget.TextClock,android.widget.TextView,VIEW,false,false
30,android.widget.TextSwitcher,android.widget.ViewSwitcher,VIEW,false,false
30,android.widget.TextView,android.view.View,VIEW,false,false
30,android.widget.TimePicker,android.widget.FrameLayout,VIEW,false,false
30,android.widget.Toast,,POPUP,false,false
30,android.widget.ToggleButton,android.widget.CompoundButton,VIEW,false,false
30,android.widget.Toolbar,android.view.ViewGroup,VIEW,false,false
30,android.widget.TwoLineListItem,android.widget.RelativeLayout,VIEW,false,true
30,android.widget.VideoView,android.view.SurfaceView,VIEW,false,false
30,android.widget.ViewAnimator,android.widget.FrameLayout,VIEW,false,false
30,android.widget.ViewFlipper,android.widget.ViewAnimator,VIEW,false,false
30,android.widget.ViewSwitcher,android.widget.ViewAnimator,VIEW,false,false
30,android.widget.ZoomButton,android.widget.ImageButton,VIEW,false,true
30,android.widget.ZoomButtonsController,,CONTROLLER,false,true
30,android.widget.ZoomControls,android.widget.LinearLayout,VIEW,false,true
30,android.widget.inline.InlineContentView,android.view.ViewGroup,VIEW,false,false
31,android.app.ActionBar,,CONTROLLER,true,false
31,android.app.AlertDialog,android.app.Dialog,DIALOG,false,false
31,android.app.DatePickerDialog,android.app.AlertDialog,DIALOG,false,false
31,android.app.Dialog,,DIALOG,false,false
31,android.app.FragmentBreadCrumbs,android.view.ViewGroup,VIEW,false,true
31,android.app.MediaRouteButton,android.view.View,VIEW,false,false
31,android.app.Presentation,android.app.Dialog,DIALOG,false,false
31,android.app.ProgressDialog,android.app.AlertDialog,DIALOG,false,true
31,android.app.TimePickerDialog,android.app.AlertDialog,DIALOG,false,false
31,android.gesture.GestureOverlayView,android.widget.FrameLayout,VIEW,false,false
31,android.preference.CheckBoxPreference,android.preference.TwoStatePreference,PREFERENCE,false,true
31,android.preference.DialogPreference,android.preference.Preference,PREFERENCE,true,true
31,android.preference.EditTextPreference,android.preference.DialogPreference,PREFERENCE,false,true
31,android.preference.ListPreference,android.preference.DialogPreference,PREFERENCE,false,true
31,android.preference.MultiSelectListPreference,android.preference.DialogPreference,PREFERENCE,false,true
31,android.preference.Preference,,PREFERENCE,false,true
31,android.preference.PreferenceCategory,android.preference.PreferenceGroup,PREFERENCE,false,true
31,android.preference.PreferenceGroup,android.preference.Preference,PREFERENCE,true,true
31,android.preference.PreferenceScreen,android.preference.PreferenceGroup,PREFERENCE,false,true
31,android.preference.RingtonePreference,android.preference.Preference,PREFERENCE,false,true
31,android.preference.SwitchPreference,android.preference.TwoStatePreference,PREFERENCE,false,true
31,android.preference.TwoStatePreference,android.preference.Preference,PREFERENCE,true,true
31,android.view.ActionMode,,CONTROLLER,true,false
31,android.view.SurfaceView,android.view.View,VIEW,false,false
31,android.view.TextureView,android.view.View,VIEW,false,false
31,android.view.View,,VIEW,false,false
31,android.view.ViewGroup,android.view.View,VIEW,true,false
31,android.view.ViewStub,android.view.View,VIEW,false,false
31,android.webkit.WebView,android.widget.AbsoluteLayout,VIEW,false,false
31,android.widget.AbsListView,android.widget.AdapterView,VIEW,true,false
31,android.widget.AbsSeekBar,android.widget.ProgressBar,VIEW,true,false
31,android.widget.AbsSpinner,android.widget.AdapterView,VIEW,true,false
31,android.widget.AbsoluteLayout,android.view.ViewGroup,VIEW,false,true
31,android.widget.ActionMenuView,android.widget.LinearLayout,VIEW,false,false
31,android.widget.AdapterView,android.view.ViewGroup,VIEW,true,false
31,android.widget.AdapterViewAnimator,android.widget.AdapterView,VIEW,true,false
31,android.widget.AdapterViewFlipper,android.widget.AdapterViewAnimator,VIEW,false,false
31,android.widget.AnalogClock,android.view.View,VIEW,false,true
31,android.widget.AutoCompleteTextView,android.widget.EditText,VIEW,false,false
31,android.widget.Button,android.widget.TextView,VIEW,false,false
31,android.widget.CalendarView,android.widget.FrameLayout,VIEW,false,false
31,android.widget.CheckBox,android.widget.CompoundButton,VIEW,false,false
31,android.widget.CheckedTextView,android.widget.TextView,VIEW,false,false
31,android.widget.Chronometer,android.widget.TextView,VIEW,false,false
31,android.widget.CompoundButton,android.widget.Button,VIEW,true,false
31,android.widget.DatePicker,android.widget.FrameLayout,VIEW,false,false
31,android.widget.DialerFilter,android.widget.RelativeLayout,VIEW,false,true
31,android.widget.DigitalClock,android.widget.TextView,VIEW,false,true
31,android.widget.EdgeEffect,,CONTROLLER,false,false
31,android.widget.EditText,android.widget.TextView,VIEW,false,false
31,android.widget.ExpandableListView,android.widget.ListView,VIEW,false,false
31,android.widget.FrameLayout,android.view.ViewGroup,VIEW,false,false
31,android.widget.Gallery,android.widget.AbsSpinner,VIEW,false,true
31,android.widget.GridLayout,android.view.ViewGroup,VIEW,false,false
31,android.widget.GridView,android.widget.AbsListView,VIEW,false,false
31,android.widget.HorizontalScrollView,android.widget.FrameLayout,VIEW,false,false
31,android.widget.ImageButton,android.widget.ImageView,VIEW,false,false
31,android.widget.ImageSwitcher,android.widget.ViewSwitcher,VIEW,false,false
31,android.widget.ImageView,android.view.View,VIEW,false,false
31,android.widget.LinearLayout,android.view.ViewGroup,VIEW,false,false
31,android.widget.ListView,android.widget.AbsListView,VIEW,false,false
31,android.widget.MediaController,android.widget.FrameLayout,VIEW,false,false
31,android.widget.MultiAutoCompleteTextView,android.widget.AutoCompleteTextView,VIEW,false,false
31,android.widget.NumberPicker,android.widget.LinearLayout,VIEW,false,false
31,android.widget.PopupMenu,,POPUP,false,false
31,android.widget.PopupWindow,,POPUP,false,false
31,android.widget.ProgressBar,android.view.View,VIEW,false,false
31,android.widget.QuickContactBadge,android.widget.ImageView,VIEW,false,false
31,android.widget.RadioButton,android.widget.CompoundButton,VIEW,false,false
31,android.widget.RadioGroup,android.widget.LinearLayout,VIEW,false,false
31,android.widget.RatingBar,android.widget.AbsSeekBar,VIEW,false,false
31,android.widget.RelativeLayout,android.view.ViewGroup,VIEW,false,false
31,android.widget.ScrollView,android.widget.FrameLayout,VIEW,false,false
31,android.widget.SearchView,android.widget.LinearLayout,VIEW,false,false
31,android.widget.SeekBar,android.widget.AbsSeekBar,VIEW,false,false
31,android.widget.SlidingDrawer,android.view.ViewGroup,VIEW,false,true
31,android.widget.Space,android.view.View,VIEW,false,false
31,android.widget.Spinner,android.widget.AbsSpinner,VIEW,false,false
31,android.widget.StackView,android.widget.AdapterViewAnimator,VIEW,false,false
31,android.widget.Switch,android.widget.CompoundButton,VIEW,false,false
31,android.widget.TabHost,android.widget.FrameLayout,VIEW,false,true
31,android.widget.TabWidget,android.widget.LinearLayout,VIEW,false,true
31,android.widget.TableLayout,android.widget.LinearLayout,VIEW,false,false
31,android.widget.TableRow,android.widget.LinearLayout,VIEW,false,false
31,android.widget.TextClock,android.widget.TextView,VIEW,false,false
31,android.widget.TextSwitcher,android.widget.ViewSwitcher,VIEW,false,false
31,android.widget.TextView,android.view.View,VIEW,false,false
31,android.widget.TimePicker,android.widget.FrameLayout,VIEW,false,false
31,android.widget.Toast,,POPUP,false,false
31,android.widget.ToggleButton,android.widget.CompoundButton,VIEW,false,false
31,android.widget.Toolbar,android.view.ViewGroup,VIEW,false,false
31,android.widget.TwoLineListItem,android.widget.RelativeLayout,VIEW,false,true
31,android.widget.VideoView,android.view.SurfaceView,VIEW,false,false
31,android.widget.ViewAnimator,android.widget.FrameLayout,VIEW,false,false
31,android.widget.ViewFlipper,android.widget.ViewAnimator,VIEW,false,false
31,android.widget.ViewSwitcher,android.widget.ViewAnimator,VIEW,false,false
31,android.widget.ZoomButton,android.widget.ImageButton,VIEW,false,true
31,android.widget.ZoomButtonsController,,CONTROLLER,false,true
31,android.widget.ZoomControls,android.widget.LinearLayout,VIEW,false,true
31,android.widget.inline.InlineContentView,android.view.ViewGroup,VIEW,false,false
32,android.app.ActionBar,,CONTROLLER,true,false
32,android.app.AlertDialog,android.app.Dialog,DIALOG,false,false
32,android.app.DatePickerDialog,android.app.AlertDialog,DIALOG,false,false
32,android.app.Dialog,,DIALOG,false,false
32,android.app.FragmentBreadCrumbs,android.view.ViewGroup,VIEW,false,true
32,android.app.MediaRouteButton,android.view.View,VIEW,false,false
32,android.app.Presentation,android.app.Dialog,DIALOG,false,false
32,android.app.ProgressDialog,android.app.AlertDialog,DIALOG,false,true
32,android.app.TimePickerDialog,android.app.AlertDialog,DIALOG,false,false
32,android.gesture.GestureOverlayView,android.widget.FrameLayout,VIEW,false,false
32,android.preference.CheckBoxPreference,android.preference.TwoStatePreference,PREFERENCE,false,true
32,android.preference.DialogPreference,android.preference.Preference,PREFERENCE,true,true
32,android.preference.EditTextPreference,android.preference.DialogPreference,PREFERENCE,false,true
32,android.preference.ListPreference,android.preference.DialogPreference,PREFERENCE,false,true
32,android.preference.MultiSelectListPreference,android.preference.DialogPreference,PREFERENCE,false,true
32,android.preference.Preference,,PREFERENCE,false,true
32,android.preference.PreferenceCategory,android.preference.PreferenceGroup,PREFERENCE,false,true
32,android.preference.PreferenceGroup,android.preference.Preference,PREFERENCE,true,true
32,android.preference.PreferenceScreen,android.preference.PreferenceGroup,PREFERENCE,false,true
32,android.preference.RingtonePreference,android.preference.Preference,PREFERENCE,false,true
32,android.preference.SwitchPreference,android.preference.TwoStatePreference,PREFERENCE,false,true
32,android.preference.TwoStatePreference,android.preference.Preference,PREFERENCE,true,true
32,android.view.ActionMode,,CONTROLLER,true,false
32,android.view.SurfaceView,android.view.View,VIEW,false,false
32,android.view.TextureView,android.view.View,VIEW,false,false
32,android.view.View,,VIEW,false,false
32,android.view.ViewGroup,android.view.View,VIEW,true,false
32,android.view.ViewStub,android.view.View,VIEW,false,false
32,android.webkit.WebView,android.widget.AbsoluteLayout,VIEW,false,false
32,android.widget.AbsListView,android.widget.AdapterView,VIEW,true,false
32,android.widget.AbsSeekBar,android.widget.ProgressBar,VIEW,true,false
32,android.widget.AbsSpinner,android.widget.AdapterView,VIEW,true,false
32,android.widget.AbsoluteLayout,android.view.ViewGroup,VIEW,false,true
32,android.widget.ActionMenuView,android.widget.LinearLayout,VIEW,false,false
32,android.widget.AdapterView,android.view.ViewGroup,VIEW,true,false
32,android.widget.AdapterViewAnimator,android.widget.AdapterView,VIEW,true,false
32,android.widget.AdapterViewFlipper,android.widget.AdapterViewAnimator,VIEW,false,false
32,android.widget.AnalogClock,android.view.View,VIEW,false,true
32,android.widget.AutoCompleteTextView,android.widget.EditText,VIEW,false,false
32,android.widget.Button,android.widget.TextView,VIEW,false,false
32,android.widget.CalendarView,android.widget.FrameLayout,VIEW,false,false
32,android.widget.CheckBox,android.widget.CompoundButton,VIEW,false,false
32,android.widget.CheckedTextView,android.widget.TextView,VIEW,false,false
32,android.widget.Chronometer,android.widget.TextView,VIEW,false,false
32,android.widget.CompoundButton,android.widget.Button,VIEW,true,false
32,android.widget.DatePicker,android.widget.FrameLayout,VIEW,false,false
32,android.widget.DialerFilter,android.widget.RelativeLayout,VIEW,false,true
32,android.widget.DigitalClock,android.widget.TextView,VIEW,false,true
32,android.widget.EdgeEffect,,CONTROLLER,false,false
32,android.widget.EditText,android.widget.TextView,VIEW,false,false
32,android.widget.ExpandableListView,android.widget.ListView,VIEW,false,false
32,android.widget.FrameLayout,android.view.ViewGroup,VIEW,false,false
32,android.widget.Gallery,android.widget.AbsSpinner,VIEW,false,true
32,android.widget.GridLayout,android.view.ViewGroup,VIEW,false,false
32,android.widget.GridView,android.widget.AbsListView,VIEW,false,false
32,android.widget.HorizontalScrollView,android.widget.FrameLayout,VIEW,false,false
32,android.widget.ImageButton,android.widget.ImageView,VIEW,false,false
32,android.widget.ImageSwitcher,android.widget.ViewSwitcher,VIEW,false,false
32,android.widget.ImageView,android.view.View,VIEW,false,false
32,android.widget.LinearLayout,android.view.ViewGroup,VIEW,false,false
32,android.widget.ListView,android.widget.AbsListView,VIEW,false,false
32,android.widget.MediaController,android.widget.FrameLayout,VIEW,false,false
32,android.widget.MultiAutoCompleteTextView,android.widget.AutoCompleteTextView,VIEW,false,false
32,android.widget.NumberPicker,android.widget.LinearLayout,VIEW,false,false
32,android.widget.PopupMenu,,POPUP,false,false
32,android.widget.PopupWindow,,POPUP,false,false
32,android.widget.ProgressBar,android.view.View,VIEW,false,false
32,android.widget.QuickContactBadge,android.widget.ImageView,VIEW,false,false
32,android.widget.RadioButton,android.widget.CompoundButton,VIEW,false,false
32,android.widget.RadioGroup,android.widget.LinearLayout,VIEW,false,false
32,android.widget.RatingBar,android.widget.AbsSeekBar,VIEW,false,false
32,android.widget.RelativeLayout,android.view.ViewGroup,VIEW,false,false
32,android.widget.ScrollView,android.widget.FrameLayout,VIEW,false,false
32,android.widget.SearchView,android.widget.LinearLayout,VIEW,false,false
32,android.widget.SeekBar,android.widget.AbsSeekBar,VIEW,false,false
32,android.widget.SlidingDrawer,android.view.ViewGroup,VIEW,false,true
32,android.widget.Space,android.view.View,VIEW,false,false
32,android.widget.Spinner,android.widget.AbsSpinner,VIEW,false,false
32,android.widget.StackView,android.widget.AdapterViewAnimator,VIEW,false,false
32,android.widget.Switch,android.widget.CompoundButton,VIEW,false,false
32,android.widget.TabHost,android.widget.FrameLayout,VIEW,false,true
32,android.widget.TabWidget,android.widget.LinearLayout,VIEW,false,true
32,android.widget.TableLayout,android.widget.LinearLayout,VIEW,false,false
32,android.widget.TableRow,android.widget.LinearLayout,VIEW,false,false
32,android.widget.TextClock,android.widget.TextView,VIEW,false,false
32,android.widget.TextSwitcher,android.widget.ViewSwitcher,VIEW,false,false
32,android.widget.TextView,android.view.View,VIEW,false,false
32,android.widget.TimePicker,android.widget.FrameLayout,VIEW,false,false
32,android.widget.Toast,,POPUP,false,false
32,android.widget.ToggleButton,android.widget.CompoundButton,VIEW,false,false
32,android.widget.Toolbar,android.view.ViewGroup,VIEW,false,false
32,android.widget.TwoLineListItem,android.widget.RelativeLayout,VIEW,false,true
32,android.widget.VideoView,android.view.SurfaceView,VIEW,false,false
32,android.widget.ViewAnimator,android.widget.FrameLayout,VIEW,false,false
32,android.widget.ViewFlipper,android.widget.ViewAnimator,VIEW,false,false
32,android.widget.ViewSwitcher,android.widget.ViewAnimator,VIEW,false,false
32,android.widget.ZoomButton,android.widget.ImageButton,VIEW,false,true
32,android.widget.ZoomButtonsController,,CONTROLLER,false,true
32,android.widget.ZoomControls,android.widget.LinearLayout,VIEW,false,true
32,android.widget.inline.InlineContentView,android.view.ViewGroup,VIEW,false,false
33,android.app.ActionBar,,CONTROLLER,true,false
33,android.app.AlertDialog,android.app.Dialog,DIALOG,false,false
33,android.app.DatePickerDialog,android.app.AlertDialog,DIALOG,false,false
33,android.app.Dialog,,DIALOG,false,false
33,android.app.FragmentBreadCrumbs,android.view.ViewGroup,VIEW,false,true
33,android.app.MediaRouteButton,android.view.View,VIEW,false,false
33,android.app.Presentation,android.app.Dialog,DIALOG,false,false
33,android.app.ProgressDialog,android.app.AlertDialog,DIALOG,false,true
33,android.app.TimePickerDialog,android.app.AlertDialog,DIALOG,false,false
33,android.gesture.GestureOverlayView,android.widget.FrameLayout,VIEW,false,false
33,android.preference.CheckBoxPreference,android.preference.TwoStatePreference,PREFERENCE,false,true
33,android.preference.DialogPreference,android.preference.Preference,PREFERENCE,true,true
33,android.preference.EditTextPreference,android.preference.DialogPreference,PREFERENCE,false,true
33,android.preference.ListPreference,android.preference.DialogPreference,PREFERENCE,false,true
33,android.preference.MultiSelectListPreference,android.preference.DialogPreference,PREFERENCE,false,true
33,android.preference.Preference,,PREFERENCE,false,true
33,android.preference.PreferenceCategory,android.preference.PreferenceGroup,PREFERENCE,false,true
33,android.preference.PreferenceGroup,android.preference.Preference,PREFERENCE,true,true
33,android.preference.PreferenceScreen,android.preference.PreferenceGroup,PREFERENCE,false,true
33,android.preference.RingtonePreference,android.preference.Preference,PREFERENCE,false,true
33,android.preference.SwitchPreference,android.preference.TwoStatePreference,PREFERENCE,false,true
33,android.preference.TwoStatePreference,android.preference.Preference,PREFERENCE,true,true
33,android.view.ActionMode,,CONTROLLER,true,false
33,android.view.SurfaceView,android.view.View,VIEW,false,false
33,android.view.TextureView,android.view.View,VIEW,false,false
33,android.view.View,,VIEW,false,false
33,android.view.ViewGroup,android.view.View,VIEW,true,false
33,android.view.ViewStub,android.view.View,VIEW,false,false
33,android.webkit.WebView,android.widget.AbsoluteLayout,VIEW,false,false
33,android.widget.AbsListView,android.widget.AdapterView,VIEW,true,false
33,android.widget.AbsSeekBar,android.widget.ProgressBar,VIEW,true,false
33,android.widget.AbsSpinner,android.widget.AdapterView,VIEW,true,false
33,android.widget.AbsoluteLayout,android.view.ViewGroup,VIEW,false,true
33,android.widget.ActionMenuView,android.widget.LinearLayout,VIEW,false,false
33,android.widget.AdapterView,android.view.ViewGroup,VIEW,true,false
33,android.widget.AdapterViewAnimator,android.widget.AdapterView,VIEW,true,false
33,android.widget.AdapterViewFlipper,android.widget.AdapterViewAnimator,VIEW,false,false
33,android.widget.AnalogClock,android.view.View,VIEW,false,true
33,android.widget.AutoCompleteTextView,android.widget.EditText,VIEW,false,false
33,android.widget.Button,android.widget.TextView,VIEW,false,false
33,android.widget.CalendarView,android.widget.FrameLayout,VIEW,false,false
33,android.widget.CheckBox,android.widget.CompoundButton,VIEW,false,false
33,android.widget.CheckedTextView,android.widget.TextView,VIEW,false,false
33,android.widget.Chronometer,android.widget.TextView,VIEW,false,false
33,android.widget.CompoundButton,android.widget.Button,VIEW,true,false
33,android.widget.DatePicker,android.widget.FrameLayout,VIEW,false,false
33,android.widget.DialerFilter,android.widget.RelativeLayout,VIEW,false,true
33,android.widget.DigitalClock,android.widget.TextView,VIEW,false,true
33,android.widget.EdgeEffect,,CONTROLLER,false,false
33,android.widget.EditText,android.widget.TextView,VIEW,false,false
33,android.widget.ExpandableListView,android.widget.ListView,VIEW,false,false
33,android.widget.FrameLayout,android.view.ViewGroup,VIEW,false,false
33,android.widget.Gallery,android.widget.AbsSpinner,VIEW,false,true
33,android.widget.GridLayout,android.view.ViewGroup,VIEW,false,false
33,android.widget.GridView,android.widget.AbsListView,VIEW,false,false
33,android.widget.HorizontalScrollView,android.widget.FrameLayout,VIEW,false,false
33,android.widget.ImageButton,android.widget.ImageView,VIEW,false,false
33,android.widget.ImageSwitcher,android.widget.ViewSwitcher,VIEW,false,false
33,android.widget.ImageView,android.view.View,VIEW,false,false
33,android.widget.LinearLayout,android.view.ViewGroup,VIEW,false,false
33,android.widget.ListView,android.widget.AbsListView,VIEW,false,false
33,android.widget.MediaController,android.widget.FrameLayout,VIEW,false,false
33,android.widget.MultiAutoCompleteTextView,android.widget.AutoCompleteTextView,VIEW,false,false
33,android.widget.NumberPicker,android.widget.LinearLayout,VIEW,false,false
33,android.widget.PopupMenu,,POPUP,false,false
33,android.widget.PopupWindow,,POPUP,false,false
33,android.widget.ProgressBar,android.view.View,VIEW,false,false
33,android.widget.QuickContactBadge,android.widget.ImageView,VIEW,false,false
33,android.widget.RadioButton,android.widget.CompoundButton,VIEW,false,false
33,android.widget.RadioGroup,android.widget.LinearLayout,VIEW,false,false
33,android.widget.RatingBar,android.widget.AbsSeekBar,VIEW,false,false
33,android.widget.RelativeLayout,android.view.ViewGroup,VIEW,false,false
33,android.widget.ScrollView,android.widget.FrameLayout,VIEW,false,false
33,android.widget.SearchView,android.widget.LinearLayout,VIEW,false,false
33,android.widget.SeekBar,android.widget.AbsSeekBar,VIEW,false,false
33,android.widget.SlidingDrawer,android.view.ViewGroup,VIEW,false,true
33,android.widget.Space,android.view.View,VIEW,false,false
33,android.widget.Spinner,android.widget.AbsSpinner,VIEW,false,false
33,android.widget.StackView,android.widget.AdapterViewAnimator,VIEW,false,false
33,android.widget.Switch,android.widget.CompoundButton,VIEW,false,false
33,android.widget.TabHost,android.widget.FrameLayout,VIEW,false,true
33,android.widget.TabWidget,android.widget.LinearLayout,VIEW,false,true
33,android.widget.TableLayout,android.widget.LinearLayout,VIEW,false,false
33,android.widget.TableRow,android.widget.LinearLayout,VIEW,false,false
33,android.widget.TextClock,android.widget.TextView,VIEW,false,false
33,android.widget.TextSwitcher,android.widget.ViewSwitcher,VIEW,false,false
33,android.widget.TextView,android.view.View,VIEW,false,false
33,android.widget.TimePicker,android.widget.FrameLayout,VIEW,false,false
33,android.widget.Toast,,POPUP,false,false
33,android.widget.ToggleButton,android.widget.CompoundButton,VIEW,false,false
33,android.widget.Toolbar,android.view.ViewGroup,VIEW,false,false
33,android.widget.TwoLineListItem,android.widget.RelativeLayout,VIEW,false,true
33,android.widget.VideoView,android.view.SurfaceView,VIEW,false,false
33,android.widget.ViewAnimator,android.widget.FrameLayout,VIEW,false,false
33,android.widget.ViewFlipper,android.widget.ViewAnimator,VIEW,false,false
33,android.widget.ViewSwitcher,android.widget.ViewAnimator,VIEW,false,false
33,android.widget.ZoomButton,android.widget.ImageButton,VIEW,false,true
33,android.widget.ZoomButtonsController,,CONTROLLER,false,true
33,android.widget.ZoomControls,android.widget.LinearLayout,VIEW,false,true
33,android.widget.inline.InlineContentView,android.view.ViewGroup,VIEW,false,false
34,android.app.ActionBar,,CONTROLLER,true,false
34,android.app.AlertDialog,android.app.Dialog,DIALOG,false,false
34,android.app.DatePickerDialog,android.app.AlertDialog,DIALOG,false,false
34,android.app.Dialog,,DIALOG,false,false
34,android.app.FragmentBreadCrumbs,android.view.ViewGroup,VIEW,false,true
34,android.app.MediaRouteButton,android.view.View,VIEW,false,false
34,android.app.Presentation,android.app.Dialog,DIALOG,false,false
34,android.app.ProgressDialog,android.app.AlertDialog,DIALOG,false,true
34,android.app.TimePickerDialog,android.app.AlertDialog,DIALOG,false,false
34,android.gesture.GestureOverlayView,android.widget.FrameLayout,VIEW,false,false
34,android.preference.CheckBoxPreference,android.preference.TwoStatePreference,PREFERENCE,false,true
34,android.preference.DialogPreference,android.preference.Preference,PREFERENCE,true,true
34,android.preference.EditTextPreference,android.preference.DialogPreference,PREFERENCE,false,true
34,android.preference.ListPreference,android.preference.DialogPreference,PREFERENCE,false,true
34,android.preference.MultiSelectListPreference,android.preference.DialogPreference,PREFERENCE,false,true
34,android.preference.Preference,,PREFERENCE,false,true
34,android.preference.PreferenceCategory,android.preference.PreferenceGroup,PREFERENCE,false,true
34,android.preference.PreferenceGroup,android.preference.Preference,PREFERENCE,true,true
34,android.preference.PreferenceScreen,android.preference.PreferenceGroup,PREFERENCE,false,true
34,android.preference.RingtonePreference,android.preference.Preference,PREFERENCE,false,true
34,android.preference.SwitchPreference,android.preference.TwoStatePreference,PREFERENCE,false,true
34,android.preference.TwoStatePreference,android.preference.Preference,PREFERENCE,true,true
34,android.view.ActionMode,,CONTROLLER,true,false
34,android.view.SurfaceView,android.view.View,VIEW,false,false
34,android.view.TextureView,android.view.View,VIEW,false,false
34,android.view.View,,VIEW,false,false
34,android.view.ViewGroup,android.view.View,VIEW,true,false
34,android.view.ViewStub,android.view.View,VIEW,false,false
34,android.webkit.WebView,android.widget.AbsoluteLayout,VIEW,false,false
34,android.widget.AbsListView,android.widget.AdapterView,VIEW,true,false
34,android.widget.AbsSeekBar,android.widget.ProgressBar,VIEW,true,false
34,android.widget.AbsSpinner,android.widget.AdapterView,VIEW,true,false
34,android.widget.AbsoluteLayout,android.view.ViewGroup,VIEW,false,true
34,android.widget.ActionMenuView,android.widget.LinearLayout,VIEW,false,false
34,android.widget.AdapterView,android.view.ViewGroup,VIEW,true,false
34,android.widget.AdapterViewAnimator,android.widget.AdapterView,VIEW,true,false
34,android.widget.AdapterViewFlipper,android.widget.AdapterViewAnimator,VIEW,false,false
34,android.widget.AnalogClock,android.view.View,VIEW,false,true
34,android.widget.AutoCompleteTextView,android.widget.EditText,VIEW,false,false
34,android.widget.Button,android.widget.TextView,VIEW,false,false
34,android.widget.CalendarView,android.widget.FrameLayout,VIEW,false,false
34,android.widget.CheckBox,android.widget.CompoundButton,VIEW,false,false
34,android.widget.CheckedTextView,android.widget.TextView,VIEW,false,false
34,android.widget.Chronometer,android.widget.TextView,VIEW,false,false
34,android.widget.CompoundButton,android.widget.Button,VIEW,true,false
34,android.widget.DatePicker,android.widget.FrameLayout,VIEW,false,false
34,android.widget.DialerFilter,android.widget.RelativeLayout,VIEW,false,true
34,android.widget.DigitalClock,android.widget.TextView,VIEW,false,true
34,android.widget.EdgeEffect,,CONTROLLER,false,false
34,android.widget.EditText,android.widget.TextView,VIEW,false,false
34,android.widget.ExpandableListView,android.widget.ListView,VIEW,false,false
34,android.widget.FrameLayout,android.view.ViewGroup,VIEW,false,false
34,android.widget.Gallery,android.widget.AbsSpinner,VIEW,false,true
34,android.widget.GridLayout,android.view.ViewGroup,VIEW,false,false
34,android.widget.GridView,android.widget.AbsListView,VIEW,false,false
34,android.widget.HorizontalScrollView,android.widget.FrameLayout,VIEW,false,false
34,android.widget.ImageButton,android.widget.ImageView,VIEW,false,false
34,android.widget.ImageSwitcher,android.widget.ViewSwitcher,VIEW,false,false
34,android.widget.ImageView,android.view.View,VIEW,false,false
34,android.widget.LinearLayout,android.view.ViewGroup,VIEW,false,false
34,android.widget.ListView,android.widget.AbsListView,VIEW,false,false
34,android.widget.MediaController,android.widget.FrameLayout,VIEW,false,false
34,android.widget.MultiAutoCompleteTextView,android.widget.AutoCompleteTextView,VIEW,false,false
34,android.widget.NumberPicker,android.widget.LinearLayout,VIEW,false,false
34,android.widget.PopupMenu,,POPUP,false,false
34,android.widget.PopupWindow,,POPUP,false,false
34,android.widget.ProgressBar,android.view.View,VIEW,false,false
34,android.widget.QuickContactBadge,android.widget.ImageView,VIEW,false,false
34,android.widget.RadioButton,android.widget.CompoundButton,VIEW,false,false
34,android.widget.RadioGroup,android.widget.LinearLayout,VIEW,false,false
34,android.widget.RatingBar,android.widget.AbsSeekBar,VIEW,false,false
34,android.widget.RelativeLayout,android.view.ViewGroup,VIEW,false,false
34,android.widget.ScrollView,android.widget.FrameLayout,VIEW,false,false
34,android.widget.SearchView,android.widget.LinearLayout,VIEW,false,false
34,android.widget.SeekBar,android.widget.AbsSeekBar,VIEW,false,false
34,android.widget.SlidingDrawer,android.view.ViewGroup,VIEW,false,true
34,android.widget.Space,android.view.View,VIEW,false,false
34,android.widget.Spinner,android.widget.AbsSpinner,VIEW,false,false
34,android.widget.StackView,android.widget.AdapterViewAnimator,VIEW,false,false
34,android.widget.Switch,android.widget.CompoundButton,VIEW,false,false
34,android.widget.TabHost,android.widget.FrameLayout,VIEW,false,true
34,android.widget.TabWidget,android.widget.LinearLayout,VIEW,false,true
34,android.widget.TableLayout,android.widget.LinearLayout,VIEW,false,false
34,android.widget.TableRow,android.widget.LinearLayout,VIEW,false,false
34,android.widget.TextClock,android.widget.TextView,VIEW,false,false
34,android.widget.TextSwitcher,android.widget.ViewSwitcher,VIEW,false,false
34,android.widget.TextView,android.view.View,VIEW,false,false
34,android.widget.TimePicker,android.widget.FrameLayout,VIEW,false,false
34,android.widget.Toast,,POPUP,false,false
34,android.widget.ToggleButton,android.widget.CompoundButton,VIEW,false,false
34,android.widget.Toolbar,android.view.ViewGroup,VIEW,false,false
34,android.widget.TwoLineListItem,android.widget.RelativeLayout,VIEW,false,true
34,android.widget.VideoView,android.view.SurfaceView,VIEW,false,false
34,android.widget.ViewAnimator,android.widget.FrameLayout,VIEW,false,false
34,android.widget.ViewFlipper,android.widget.ViewAnimator,VIEW,false,false
34,android.widget.ViewSwitcher,android.widget.ViewAnimator,VIEW,false,false
34,android.widget.ZoomButton,android.widget.ImageButton,VIEW,false,true
34,android.widget.ZoomButtonsController,,CONTROLLER,false,true
34,android.widget.ZoomControls,android.widget.LinearLayout,VIEW,false,true
34,android.widget.inline.InlineContentView,android.view.ViewGroup,VIEW,false,false
35,android.app.ActionBar,,CONTROLLER,true,false
35,android.app.AlertDialog,android.app.Dialog,DIALOG,false,false
35,android.app.DatePickerDialog,android.app.AlertDialog,DIALOG,false,false
35,android.app.Dialog,,DIALOG,false,false
35,android.app.FragmentBreadCrumbs,android.view.ViewGroup,VIEW,false,true
35,android.app.MediaRouteButton,android.view.View,VIEW,false,false
35,android.app.Presentation,android.app.Dialog,DIALOG,false,false
35,android.app.ProgressDialog,android.app.AlertDialog,DIALOG,false,true
35,android.app.TimePickerDialog,android.app.AlertDialog,DIALOG,false,false
35,android.gesture.GestureOverlayView,android.widget.FrameLayout,VIEW,false,false
35,android.preference.CheckBoxPreference,android.preference.TwoStatePreference,PREFERENCE,false,true
35,android.preference.DialogPreference,android.preference.Preference,PREFERENCE,true,true
35,android.preference.EditTextPreference,android.preference.DialogPreference,PREFERENCE,false,true
35,android.preference.ListPreference,android.preference.DialogPreference,PREFERENCE,false,true
35,android.preference.MultiSelectListPreference,android.preference.DialogPreference,PREFERENCE,false,true
35,android.preference.Preference,,PREFERENCE,false,true
35,android.preference.PreferenceCategory,android.preference.PreferenceGroup,PREFERENCE,false,true
35,android.preference.PreferenceGroup,android.preference.Preference,PREFERENCE,true,true
35,android.preference.PreferenceScreen,android.preference.PreferenceGroup,PREFERENCE,false,true
35,android.preference.RingtonePreference,android.preference.Preference,PREFERENCE,false,true
35,android.preference.SwitchPreference,android.preference.TwoStatePreference,PREFERENCE,false,true
35,android.preference.TwoStatePreference,android.preference.Preference,PREFERENCE,true,true
35,android.view.ActionMode,,CONTROLLER,true,false
35,android.view.SurfaceView,android.view.View,VIEW,false,false
35,android.view.TextureView,android.view.View,VIEW,false,false
35,android.view.View,,VIEW,false,false
35,android.view.ViewGroup,android.view.View,VIEW,true,false
35,android.view.ViewStub,android.view.View,VIEW,false,false
35,android.webkit.WebView,android.widget.AbsoluteLayout,VIEW,false,false
35,android.widget.AbsListView,android.widget.AdapterView,VIEW,true,false
35,android.widget.AbsSeekBar,android.widget.ProgressBar,VIEW,true,false
35,android.widget.AbsSpinner,android.widget.AdapterView,VIEW,true,false
35,android.widget.AbsoluteLayout,android.view.ViewGroup,VIEW,false,true
35,android.widget.ActionMenuView,android.widget.LinearLayout,VIEW,false,false
35,android.widget.AdapterView,android.view.ViewGroup,VIEW,true,false
35,android.widget.AdapterViewAnimator,android.widget.AdapterView,VIEW,true,false
35,android.widget.AdapterViewFlipper,android.widget.AdapterViewAnimator,VIEW,false,false
35,android.widget.AnalogClock,android.view.View,VIEW,false,true
35,android.widget.AutoCompleteTextView,android.widget.EditText,VIEW,false,false
35,android.widget.Button,android.widget.TextView,VIEW,false,false
35,android.widget.CalendarView,android.widget.FrameLayout,VIEW,false,false
35,android.widget.CheckBox,android.widget.CompoundButton,VIEW,false,false
35,android.widget.CheckedTextView,android.widget.TextView,VIEW,false,false
35,android.widget.Chronometer,android.widget.TextView,VIEW,false,false
35,android.widget.CompoundButton,android.widget.Button,VIEW,true,false
35,android.widget.DatePicker,android.widget.FrameLayout,VIEW,false,false
35,android.widget.DialerFilter,android.widget.RelativeLayout,VIEW,false,true
35,android.widget.DigitalClock,android.widget.TextView,VIEW,false,true
35,android.widget.EdgeEffect,,CONTROLLER,false,false
35,android.widget.EditText,android.widget.TextView,VIEW,false,false
35,android.widget.ExpandableListView,android.widget.ListView,VIEW,false,false
35,android.widget.FrameLayout,android.view.ViewGroup,VIEW,false,false
35,android.widget.Gallery,android.widget.AbsSpinner,VIEW,false,true
35,android.widget.GridLayout,android.view.ViewGroup,VIEW,false,false
35,android.widget.GridView,android.widget.AbsListView,VIEW,false,false
35,android.widget.HorizontalScrollView,android.widget.FrameLayout,VIEW,false,false
35,android.widget.ImageButton,android.widget.ImageView,VIEW,false,false
35,android.widget.ImageSwitcher,android.widget.ViewSwitcher,VIEW,false,false
35,android.widget.ImageView,android.view.View,VIEW,false,false
35,android.widget.LinearLayout,android.view.ViewGroup,VIEW,false,false
35,android.widget.ListView,android.widget.AbsListView,VIEW,false,false
35,android.widget.MediaController,android.widget.FrameLayout,VIEW,false,false
35,android.widget.MultiAutoCompleteTextView,android.widget.AutoCompleteTextView,VIEW,false,false
35,android.widget.NumberPicker,android.widget.LinearLayout,VIEW,false,false
35,android.widget.PopupMenu,,POPUP,false,false
35,android.widget.PopupWindow,,POPUP,false,false
35,android.widget.ProgressBar,android.view.View,VIEW,false,false
35,android.widget.QuickContactBadge,android.widget.ImageView,VIEW,false,false
35,android.widget.RadioButton,android.widget.CompoundButton,VIEW,false,false
35,android.widget.RadioGroup,android.widget.LinearLayout,VIEW,false,false
35,android.widget.RatingBar,android.widget.AbsSeekBar,VIEW,false,false
35,android.widget.RelativeLayout,android.view.ViewGroup,VIEW,false,false
35,android.widget.ScrollView,android.widget.FrameLayout,VIEW,false,false
35,android.widget.SearchView,android.widget.LinearLayout,VIEW,false,false
35,android.widget.SeekBar,android.widget.AbsSeekBar,VIEW,false,false
35,android.widget.SlidingDrawer,android.view.ViewGroup,VIEW,false,true
35,android.widget.Space,android.view.View,VIEW,false,false
35,android.widget.Spinner,android.widget.AbsSpinner,VIEW,false,false
35,android.widget.StackView,android.widget.AdapterViewAnimator,VIEW,false,false
35,android.widget.Switch,android.widget.CompoundButton,VIEW,false,false
35,android.widget.TabHost,android.widget.FrameLayout,VIEW,false,true
35,android.widget.TabWidget,android.widget.LinearLayout,VIEW,false,true
35,android.widget.TableLayout,android.widget.LinearLayout,VIEW,false,false
35,android.widget.TableRow,android.widget.LinearLayout,VIEW,false,false
35,android.widget.TextClock,android.widget.TextView,VIEW,false,false
35,android.widget.TextSwitcher,android.widget.ViewSwitcher,VIEW,false,false
35,android.widget.TextView,android.view.View,VIEW,false,false
35,android.widget.TimePicker,android.widget.FrameLayout,VIEW,false,false
35,android.widget.Toast,,POPUP,false,false
35,android.widget.ToggleButton,android.widget.CompoundButton,VIEW,false,false
35,android.widget.Toolbar,android.view.ViewGroup,VIEW,false,false
35,android.widget.TwoLineListItem,android.widget.RelativeLayout,VIEW,false,true
35,android.widget.VideoView,android.view.SurfaceView,VIEW,false,false
35,android.widget.ViewAnimator,android.widget.FrameLayout,VIEW,false,false
35,android.widget.ViewFlipper,android.widget.ViewAnimator,VIEW,false,false
35,android.widget.ViewSwitcher,android.widget.ViewAnimator,VIEW,false,false
35,android.widget.ZoomButton,android.widget.ImageButton,VIEW,false,true
35,android.widget.ZoomButtonsController,,CONTROLLER,false,true
35,android.widget.ZoomControls,android.widget.LinearLayout,VIEW,false,true
35,android.widget.inline.InlineContentView,android.view.ViewGroup,VIEW,false,false
36,android.app.ActionBar,,CONTROLLER,true,false
36,android.app.AlertDialog,android.app.Dialog,DIALOG,false,false
36,android.app.DatePickerDialog,android.app.AlertDialog,DIALOG,false,false
36,android.app.Dialog,,DIALOG,false,false
36,android.app.FragmentBreadCrumbs,android.view.ViewGroup,VIEW,false,true
36,android.app.MediaRouteButton,android.view.View,VIEW,false,false
36,android.app.Presentation,android.app.Dialog,DIALOG,false,false
36,android.app.ProgressDialog,android.app.AlertDialog,DIALOG,false,true
36,android.app.TimePickerDialog,android.app.AlertDialog,DIALOG,false,false
36,android.gesture.GestureOverlayView,android.widget.FrameLayout,VIEW,false,false
36,android.preference.CheckBoxPreference,android.preference.TwoStatePreference,PREFERENCE,false,true
36,android.preference.DialogPreference,android.preference.Preference,PREFERENCE,true,true
36,android.preference.EditTextPreference,android.preference.DialogPreference,PREFERENCE,false,true
36,android.preference.ListPreference,android.preference.DialogPreference,PREFERENCE,false,true
36,android.preference.MultiSelectListPreference,android.preference.DialogPreference,PREFERENCE,false,true
36,android.preference.Preference,,PREFERENCE,false,true
36,android.preference.PreferenceCategory,android.preference.PreferenceGroup,PREFERENCE,false,true
36,android.preference.PreferenceGroup,android.preference.Preference,PREFERENCE,true,true
36,android.preference.PreferenceScreen,android.preference.PreferenceGroup,PREFERENCE,false,true
36,android.preference.RingtonePreference,android.preference.Preference,PREFERENCE,false,true
36,android.preference.SwitchPreference,android.preference.TwoStatePreference,PREFERENCE,false,true
36,android.preference.TwoStatePreference,android.preference.Preference,PREFERENCE,true,true
36,android.view.ActionMode,,CONTROLLER,true,false
36,android.view.SurfaceView,android.view.View,VIEW,false,false
36,android.view.TextureView,android.view.View,VIEW,false,false
36,android.view.View,,VIEW,false,false
36,android.view.ViewGroup,android.view.View,VIEW,true,false
36,android.view.ViewStub,android.view.View,VIEW,false,false
36,android.webkit.WebView,android.widget.AbsoluteLayout,VIEW,false,false
36,android.widget.AbsListView,android.widget.AdapterView,VIEW,true,false
36,android.widget.AbsSeekBar,android.widget.ProgressBar,VIEW,true,false
36,android.widget.AbsSpinner,android.widget.AdapterView,VIEW,true,false
36,android.widget.AbsoluteLayout,android.view.ViewGroup,VIEW,false,true
36,android.widget.ActionMenuView,android.widget.LinearLayout,VIEW,false,false
36,android.widget.AdapterView,android.view.ViewGroup,VIEW,true,false
36,android.widget.AdapterViewAnimator,android.widget.AdapterView,VIEW,true,false
36,android.widget.AdapterViewFlipper,android.widget.AdapterViewAnimator,VIEW,false,false
36,android.widget.AnalogClock,android.view.View,VIEW,false,true
36,android.widget.AutoCompleteTextView,android.widget.EditText,VIEW,false,false
36,android.widget.Button,android.widget.TextView,VIEW,false,false
36,android.widget.CalendarView,android.widget.FrameLayout,VIEW,false,false
36,android.widget.CheckBox,android.widget.CompoundButton,VIEW,false,false
36,android.widget.CheckedTextView,android.widget.TextView,VIEW,false,false
36,android.widget.Chronometer,android.widget.TextView,VIEW,false,false
36,android.widget.CompoundButton,android.widget.Button,VIEW,true,false
36,android.widget.DatePicker,android.widget.FrameLayout,VIEW,false,false
36,android.widget.DialerFilter,android.widget.RelativeLayout,VIEW,false,true
36,android.widget.DigitalClock,android.widget.TextView,VIEW,false,true
36,android.widget.EdgeEffect,,CONTROLLER,false,false
36,android.widget.EditText,android.widget.TextView,VIEW,false,false
36,android.widget.ExpandableListView,android.widget.ListView,VIEW,false,false
36,android.widget.FrameLayout,android.view.ViewGroup,VIEW,false,false
36,android.widget.Gallery,android.widget.AbsSpinner,VIEW,false,true
36,android.widget.GridLayout,android.view.ViewGroup,VIEW,false,false
36,android.widget.GridView,android.widget.AbsListView,VIEW,false,false
36,android.widget.HorizontalScrollView,android.widget.FrameLayout,VIEW,false,false
36,android.widget.ImageButton,android.widget.ImageView,VIEW,false,false
36,android.widget.ImageSwitcher,android.widget.ViewSwitcher,VIEW,false,false
36,android.widget.ImageView,android.view.View,VIEW,false,false
36,android.widget.LinearLayout,android.view.ViewGroup,VIEW,false,false
36,android.widget.ListView,android.widget.AbsListView,VIEW,false,false
36,android.widget.MediaController,android.widget.FrameLayout,VIEW,false,false
36,android.widget.MultiAutoCompleteTextView,android.widget.AutoCompleteTextView,VIEW,false,false
36,android.widget.NumberPicker,android.widget.LinearLayout,VIEW,false,false
36,android.widget.PopupMenu,,POPUP,false,false
36,android.widget.PopupWindow,,POPUP,false,false
36,android.widget.ProgressBar,android.view.View,VIEW,false,false
36,android.widget.QuickContactBadge,android.widget.ImageView,VIEW,false,false
36,android.widget.RadioButton,android.widget.CompoundButton,VIEW,false,false
36,android.widget.RadioGroup,android.widget.LinearLayout,VIEW,false,false
36,android.widget.RatingBar,android.widget.AbsSeekBar,VIEW,false,false
36,android.widget.RelativeLayout,android.view.ViewGroup,VIEW,false,false
36,android.widget.ScrollView,android.widget.FrameLayout,VIEW,false,false
36,android.widget.SearchView,android.widget.LinearLayout,VIEW,false,false
36,android.widget.SeekBar,android.widget.AbsSeekBar,VIEW,false,false
36,android.widget.SlidingDrawer,android.view.ViewGroup,VIEW,false,true
36,android.widget.Space,android.view.View,VIEW,false,false
36,android.widget.Spinner,android.widget.AbsSpinner,VIEW,false,false
36,android.widget.StackView,android.widget.AdapterViewAnimator,VIEW,false,false
36,android.widget.Switch,android.widget.CompoundButton,VIEW,false,false
36,android.widget.TabHost,android.widget.FrameLayout,VIEW,false,true
36,android.widget.TabWidget,android.widget.LinearLayout,VIEW,false,true
36,android.widget.TableLayout,android.widget.LinearLayout,VIEW,false,false
36,android.widget.TableRow,android.widget.LinearLayout,VIEW,false,false
36,android.widget.TextClock,android.widget.TextView,VIEW,false,false
36,android.widget.TextSwitcher,android.widget.ViewSwitcher,VIEW,false,false
36,android.widget.TextView,android.view.View,VIEW,false,false
36,android.widget.TimePicker,android.widget.FrameLayout,VIEW,false,false
36,android.widget.Toast,,POPUP,false,false
36,android.widget.ToggleButton,android.widget.CompoundButton,VIEW,false,false
36,android.widget.Toolbar,android.view.ViewGroup,VIEW,false,false
36,android.widget.TwoLineListItem,android.widget.RelativeLayout,VIEW,false,true
36,android.widget.VideoView,android.view.SurfaceView,VIEW,false,false
36,android.widget.ViewAnimator,android.widget.FrameLayout,VIEW,false,false
36,android.widget.ViewFlipper,android.widget.ViewAnimator,VIEW,false,false
36,android.widget.ViewSwitcher,android.widget.ViewAnimator,VIEW,false,false
36,android.widget.ZoomButton,android.widget.ImageButton,VIEW,false,true
36,android.widget.ZoomButtonsController,,CONTROLLER,false,true
36,android.widget.ZoomControls,android.widget.LinearLayout,VIEW,false,true
36,android.widget.inline.InlineContentView,android.view.ViewGroup,VIEW,false,false
